-- phpMyAdmin SQL Dump
-- version 5.2.1
-- https://www.phpmyadmin.net/
--
-- Hôte : 127.0.0.1
-- Généré le : ven. 20 juin 2025 à 16:45
-- Version du serveur : 10.4.32-MariaDB
-- Version de PHP : 8.2.12

SET SQL_MODE = "NO_AUTO_VALUE_ON_ZERO";
START TRANSACTION;
SET time_zone = "+00:00";


/*!40101 SET @OLD_CHARACTER_SET_CLIENT=@@CHARACTER_SET_CLIENT */;
/*!40101 SET @OLD_CHARACTER_SET_RESULTS=@@CHARACTER_SET_RESULTS */;
/*!40101 SET @OLD_COLLATION_CONNECTION=@@COLLATION_CONNECTION */;
/*!40101 SET NAMES utf8mb4 */;

--
-- Base de données : `eventconnect`
--

-- --------------------------------------------------------

--
-- Structure de la table `category`
--

CREATE TABLE `category` (
                            `id` int(11) NOT NULL,
                            `name` varchar(255) NOT NULL,
                            `slug` varchar(255) NOT NULL
) ENGINE=InnoDB DEFAULT CHARSET=utf8mb4 COLLATE=utf8mb4_unicode_ci;

--
-- Déchargement des données de la table `category`
--

INSERT INTO `category` (`id`, `name`, `slug`) VALUES
                                                  (6, 'Concert', 'concert'),
                                                  (7, 'Théâtre', 'theatre'),
                                                  (8, 'Exposition', 'exposition'),
                                                  (9, 'Festival', 'festival'),
                                                  (10, 'Danse', 'danse'),
                                                  (11, 'Opéra', 'opera'),
                                                  (12, 'Spectacle comique', 'spectacle-comique'),
                                                  (13, 'Comédie musicale', 'comedie-musicale'),
                                                  (14, 'Salon', 'salon'),
                                                  (15, 'Conférence', 'conference'),
                                                  (16, 'Compétition sportive', 'competition-sportive'),
                                                  (17, 'Spectacle de magie', 'spectacle-magie'),
                                                  (19, 'E-sport', 'e-sport');

-- --------------------------------------------------------

--
-- Structure de la table `doctrine_migration_versions`
--

CREATE TABLE `doctrine_migration_versions` (
                                               `version` varchar(191) NOT NULL,
                                               `executed_at` datetime DEFAULT NULL,
                                               `execution_time` int(11) DEFAULT NULL
) ENGINE=InnoDB DEFAULT CHARSET=utf8 COLLATE=utf8_unicode_ci;

--
-- Déchargement des données de la table `doctrine_migration_versions`
--

INSERT INTO `doctrine_migration_versions` (`version`, `executed_at`, `execution_time`) VALUES
                                                                                           ('DoctrineMigrations\\Version20250522123021', '2025-05-22 14:31:05', 269),
                                                                                           ('DoctrineMigrations\\Version20250526083329', '2025-05-26 10:33:40', 83),
                                                                                           ('DoctrineMigrations\\Version20250527073458', '2025-05-27 09:39:05', 24),
                                                                                           ('DoctrineMigrations\\Version20250527083140', '2025-05-28 11:19:49', 18),
                                                                                           ('DoctrineMigrations\\Version20250602081621', '2025-06-02 10:16:31', 274),
                                                                                           ('DoctrineMigrations\\Version20250619125253', '2025-06-19 14:54:02', 58),
                                                                                           ('DoctrineMigrations\\Version20250619130057', '2025-06-19 15:00:59', 66);

-- --------------------------------------------------------

--
-- Structure de la table `event`
--

CREATE TABLE `event` (
                         `id` int(11) NOT NULL,
                         `category_id` int(11) NOT NULL,
                         `title` varchar(255) NOT NULL,
                         `description` longtext NOT NULL,
                         `date` datetime NOT NULL,
                         `location` varchar(255) NOT NULL,
                         `image` varchar(255) DEFAULT NULL,
                         `slug` varchar(255) NOT NULL
) ENGINE=InnoDB DEFAULT CHARSET=utf8mb4 COLLATE=utf8mb4_unicode_ci;

--
-- Déchargement des données de la table `event`
--

INSERT INTO `event` (`id`, `category_id`, `title`, `description`, `date`, `location`, `image`, `slug`) VALUES
                                                                                                           (16, 6, 'Main Square Festival 2025 – Arras', 'Festival de musique avec des artistes internationaux dans la Citadelle d’Arras.', '2025-07-04 00:00:00', 'Arras', 'mainsquare2025.jpg', 'main-square-festival-2025-arras'),
                                                                                                           (17, 6, 'Francofolies 2025 – La Rochelle', 'Festival de musique francophone incontournable en bord de mer.', '2025-07-10 00:00:00', 'La Rochelle', 'francofolies2025.jpg', 'francofolies-2025-la-rochelle'),
                                                                                                           (18, 16, 'Roland-Garros 2025', 'Tournoi international de tennis du Grand Chelem à Paris.', '2025-05-19 00:00:00', 'Paris', 'rolandgarros2025.jpg', 'roland-garros-2025'),
                                                                                                           (19, 13, '150 ans de l’Opéra Garnier', 'Expositions et spectacles pour célébrer l’anniversaire du Palais Garnier.', '2025-03-15 00:00:00', 'Paris', 'opera150ans.jpg', '150-ans-opera-garnier'),
                                                                                                           (20, 17, 'Spectacle de magie “L’illusion en lumière”', 'Un spectacle de magie contemporain avec effets lumineux.', '2025-10-25 00:00:00', 'Lyon', 'magie2025.jpg', 'magie-2025-illusion'),
                                                                                                           (21, 6, 'Hellfest 2025 – Clisson', 'Festival de musique métal avec les plus grands groupes internationaux.', '2025-06-21 18:00:00', 'Clisson', 'hellfest2025.jpg', 'hellfest-2025-clisson'),
                                                                                                           (22, 6, 'Solidays 2025 – Paris', 'Festival engagé mêlant musique, solidarité et prévention.', '2025-06-28 17:00:00', 'Paris', 'solidays2025.jpg', 'solidays-2025-paris'),
                                                                                                           (23, 7, 'Cyrano de Bergerac – Paris', 'Une grande pièce de théâtre romantique et dramatique, mise en scène contemporaine.', '2025-09-10 20:00:00', 'Paris', 'cyrano2025.jpg', 'cyrano-bergerac-paris'),
                                                                                                           (24, 8, 'Expo Banksy – Lyon', 'Plongée immersive dans l’univers du street-artiste Banksy.', '2025-08-05 10:00:00', 'Lyon', 'banksy2025.jpg', 'expo-banksy-lyon'),
                                                                                                           (25, 9, 'Fête de la Musique 2025 – Marseille', 'Concerts gratuits dans toute la ville pour célébrer la musique.', '2025-06-21 19:00:00', 'Marseille', 'fetemusique2025.jpg', 'fete-musique-2025-marseille'),
                                                                                                           (26, 10, 'Gala de danse contemporaine – Bordeaux', 'Les meilleurs danseurs français réunis pour un spectacle moderne.', '2025-10-01 20:30:00', 'Bordeaux', 'danse2025.jpg', 'gala-danse-bordeaux'),
                                                                                                           (27, 11, 'La Traviata – Lille', 'Célèbre opéra de Verdi interprété par une troupe italienne.', '2025-09-25 20:00:00', 'Lille', 'traviata2025.jpg', 'la-traviata-lille'),
                                                                                                           (28, 12, 'Ahmed Sylla – Nouveau spectacle', 'One-man-show inédit plein d’énergie et d’humour.', '2025-11-05 21:00:00', 'Toulouse', 'sylla2025.jpg', 'ahmed-sylla-toulouse'),
                                                                                                           (29, 13, 'Le Roi Lion – Paris', 'Grand classique de Disney en comédie musicale.', '2025-07-15 20:00:00', 'Paris', 'roilion2025.jpg', 'roi-lion-paris'),
                                                                                                           (30, 14, 'Salon du Livre – Strasbourg', 'Rencontres littéraires, dédicaces et conférences.', '2025-09-30 09:00:00', 'Strasbourg', 'livre2025.jpg', 'salon-livre-strasbourg'),
                                                                                                           (31, 15, 'Conférence TEDx – Nantes', 'Conférences inspirantes sur l’innovation, la science et la société.', '2025-10-20 14:00:00', 'Nantes', 'tedx2025.jpg', 'conference-tedx-nantes'),
                                                                                                           (32, 16, 'Marathon de Paris 2025', 'Événement sportif incontournable dans la capitale.', '2025-04-13 08:00:00', 'Paris', 'marathon2025.jpg', 'marathon-paris-2025'),
                                                                                                           (33, 17, 'Les Maîtres de l’Illusion – Lyon', 'Un show spectaculaire avec des magiciens internationaux.', '2025-12-10 20:30:00', 'Lyon', 'illusion2025.jpg', 'maitres-illusion-lyon'),
                                                                                                           (44, 6, 'Imagine Dragons Live 2025', 'Concert du groupe Imagine Dragons pour leur nouvelle tournée mondiale.', '2025-09-10 20:00:00', 'Paris - Accor Arena', 'imaginedragons2025.jpg', 'imagine-dragons-live-2025'),
                                                                                                           (45, 7, 'Hamlet - Théâtre Moderne', 'Nouvelle interprétation contemporaine de la célèbre pièce de Shakespeare.', '2025-10-15 19:30:00', 'Lyon - Théâtre des Célestins', 'hamlet2025.jpg', 'hamlet-theatre-2025'),
                                                                                                           (46, 8, 'Expo Van Gogh Immersive', 'Exposition immersive autour des œuvres de Van Gogh.', '2025-08-20 10:00:00', 'Marseille - Palais des Congrès', 'vangogh2025.jpg', 'expo-van-gogh-immersive'),
                                                                                                           (47, 9, 'Festival de la BD d’Angoulême', 'Le plus grand festival de bande dessinée en Europe.', '2025-01-23 09:00:00', 'Angoulême', 'bd-angouleme2025.jpg', 'festival-bd-angouleme-2025'),
                                                                                                           (48, 10, 'Soirée Tango Argentin', 'Soirée dansante dédiée au tango avec orchestre live.', '2025-11-08 20:30:00', 'Toulouse - Salle du Capitole', 'tango2025.jpg', 'soiree-tango-argentin-2025'),
                                                                                                           (49, 11, 'Opéra La Bohème', 'Nouvelle production de l’opéra La Bohème de Puccini.', '2025-12-05 20:00:00', 'Bordeaux - Grand Théâtre', 'boheme2025.jpg', 'opera-la-boheme-2025'),
                                                                                                           (50, 12, 'Gad Elmaleh - Nouveau One Man Show', 'Nouveau spectacle comique de Gad Elmaleh.', '2025-09-30 21:00:00', 'Lille - Zénith', 'gad2025.jpg', 'gad-elmaleh-2025'),
                                                                                                           (51, 13, 'Comédie Musicale Mamma Mia!', 'Reprise de la comédie musicale culte.', '2025-10-25 19:30:00', 'Nantes - Cité des Congrès', 'mamma2025.jpg', 'comedie-musicale-mamma-mia-2025'),
                                                                                                           (52, 14, 'Salon du Vin et de la Gastronomie', 'Salon dédié aux vins et aux produits du terroir.', '2025-11-18 10:00:00', 'Dijon - Parc des Expos', 'vin2025.jpg', 'salon-vin-gastronomie-2025'),
                                                                                                           (53, 15, 'Conférence Green Tech & Environnement', 'Conférence sur les innovations écologiques et technologiques.', '2025-09-12 09:00:00', 'Rennes - Couvent des Jacobins', 'greentech2025.jpg', 'conference-green-tech-2025'),
                                                                                                           (54, 16, 'Coupe de France d\'Athlétisme 2025', 'Compétition nationale regroupant les meilleurs athlètes français.', '2025-07-18 10:00:00', 'Paris - Stade Charléty', 'athletisme2025.jpg', 'coupe-france-athletisme-2025'),
(55, 16, 'Tournoi International de Judo', 'Tournoi regroupant des judokas venus du monde entier.', '2025-09-22 09:00:00', 'Lyon - Palais des Sports', 'judo2025.jpg', 'tournoi-judo-2025'),
(56, 16, 'Triathlon de Marseille', 'Épreuve sportive combinant natation, cyclisme et course à pied.', '2025-08-10 08:00:00', 'Marseille - Plage du Prado', 'triathlon2025.jpg', 'triathlon-marseille-2025'),
(57, 16, 'Coupe de France de Basket 2025', 'Finale nationale de la coupe de basket-ball.', '2025-05-30 20:00:00', 'Lille - Zénith Arena', 'basket2025.jpg', 'coupe-france-basket-2025'),
(58, 17, 'Magic Show International', 'Spectacle de magie grandiose avec illusionnistes et mentalistes.', '2025-11-20 20:00:00', 'Paris - Palais des Congrès', 'magicshow2025.jpg', 'magic-show-international-2025'),
(59, 17, 'Festival des Illusionnistes', 'Festival regroupant des magiciens du monde entier.', '2025-10-12 19:00:00', 'Strasbourg - Palais des Fêtes', 'illusionnistes2025.jpg', 'festival-illusionnistes-2025'),
(60, 17, 'Grande Soirée Hypnose', 'Spectacle interactif d’hypnose et de mentalisme.', '2025-09-05 21:00:00', 'Lyon - Bourse du Travail', 'hypnose2025.jpg', 'soiree-hypnose-2025'),
(61, 9, 'Festival Electro Night 2025', 'Nuit électro avec DJs internationaux et ambiance de folie.', '2025-08-29 22:00:00', 'Bordeaux - Parc des Expos', 'electronight2025.jpg', 'festival-electro-night-2025'),
(62, 10, 'Soirée Salsa & Bachata', 'Soirée dansante spéciale rythmes latinos.', '2025-12-10 21:00:00', 'Montpellier - Le Rockstore', 'salsa2025.jpg', 'soiree-salsa-bachata-2025'),
(63, 15, 'Conférence Startup & Innovation', 'Journée dédiée aux jeunes entreprises innovantes.', '2025-11-05 09:00:00', 'Paris - Station F', 'startup2025.jpg', 'conference-startup-innovation-2025'),
(64, 19, 'vct champion 2025', 'Le plus grand tournoi Valorant de la saison.', '2025-10-05 21:00:00', 'Paris', 'vct2025.jpg', 'vct-champion-2025');

-- --------------------------------------------------------

--
-- Structure de la table `messenger_messages`
--

CREATE TABLE `messenger_messages` (
  `id` bigint(20) NOT NULL,
  `body` longtext NOT NULL,
  `headers` longtext NOT NULL,
  `queue_name` varchar(190) NOT NULL,
  `created_at` datetime NOT NULL COMMENT '(DC2Type:datetime_immutable)',
  `available_at` datetime NOT NULL COMMENT '(DC2Type:datetime_immutable)',
  `delivered_at` datetime DEFAULT NULL COMMENT '(DC2Type:datetime_immutable)'
) ENGINE=InnoDB DEFAULT CHARSET=utf8mb4 COLLATE=utf8mb4_unicode_ci;

--
-- Déchargement des données de la table `messenger_messages`
--

INSERT INTO `messenger_messages` (`id`, `body`, `headers`, `queue_name`, `created_at`, `available_at`, `delivered_at`) VALUES
(14, 'O:36:\\\"Symfony\\\\Component\\\\Messenger\\\\Envelope\\\":2:{s:44:\\\"\\0Symfony\\\\Component\\\\Messenger\\\\Envelope\\0stamps\\\";a:6:{s:46:\\\"Symfony\\\\Component\\\\Messenger\\\\Stamp\\\\BusNameStamp\\\";a:1:{i:0;O:46:\\\"Symfony\\\\Component\\\\Messenger\\\\Stamp\\\\BusNameStamp\\\":1:{s:55:\\\"\\0Symfony\\\\Component\\\\Messenger\\\\Stamp\\\\BusNameStamp\\0busName\\\";s:21:\\\"messenger.bus.default\\\";}}s:51:\\\"Symfony\\\\Component\\\\Messenger\\\\Stamp\\\\ErrorDetailsStamp\\\";a:1:{i:0;O:51:\\\"Symfony\\\\Component\\\\Messenger\\\\Stamp\\\\ErrorDetailsStamp\\\":4:{s:67:\\\"\\0Symfony\\\\Component\\\\Messenger\\\\Stamp\\\\ErrorDetailsStamp\\0exceptionClass\\\";s:53:\\\"Symfony\\\\Component\\\\Mailer\\\\Exception\\\\TransportException\\\";s:66:\\\"\\0Symfony\\\\Component\\\\Messenger\\\\Stamp\\\\ErrorDetailsStamp\\0exceptionCode\\\";i:0;s:69:\\\"\\0Symfony\\\\Component\\\\Messenger\\\\Stamp\\\\ErrorDetailsStamp\\0exceptionMessage\\\";s:366:\\\"Connection could not be established with host \\\"sandbox.smtp.mailtrap.io:2525\\\": stream_socket_client(): Unable to connect to sandbox.smtp.mailtrap.io:2525 (Une tentative de connexion a échoué car le parti connecté n’a pas répondu convenablement au-delà d’une certaine durée ou une connexion établie a échoué car l’hôte de connexion n’a pas répondu)\\\";s:69:\\\"\\0Symfony\\\\Component\\\\Messenger\\\\Stamp\\\\ErrorDetailsStamp\\0flattenException\\\";O:57:\\\"Symfony\\\\Component\\\\ErrorHandler\\\\Exception\\\\FlattenException\\\":12:{s:66:\\\"\\0Symfony\\\\Component\\\\ErrorHandler\\\\Exception\\\\FlattenException\\0message\\\";s:366:\\\"Connection could not be established with host \\\"sandbox.smtp.mailtrap.io:2525\\\": stream_socket_client(): Unable to connect to sandbox.smtp.mailtrap.io:2525 (Une tentative de connexion a échoué car le parti connecté n’a pas répondu convenablement au-delà d’une certaine durée ou une connexion établie a échoué car l’hôte de connexion n’a pas répondu)\\\";s:63:\\\"\\0Symfony\\\\Component\\\\ErrorHandler\\\\Exception\\\\FlattenException\\0code\\\";i:0;s:67:\\\"\\0Symfony\\\\Component\\\\ErrorHandler\\\\Exception\\\\FlattenException\\0previous\\\";N;s:64:\\\"\\0Symfony\\\\Component\\\\ErrorHandler\\\\Exception\\\\FlattenException\\0trace\\\";a:32:{i:0;a:8:{s:9:\\\"namespace\\\";s:0:\\\"\\\";s:11:\\\"short_class\\\";s:0:\\\"\\\";s:5:\\\"class\\\";s:0:\\\"\\\";s:4:\\\"type\\\";s:0:\\\"\\\";s:8:\\\"function\\\";s:0:\\\"\\\";s:4:\\\"file\\\";s:83:\\\"C:\\\\Users\\\\dunis\\\\Projet0\\\\vendor\\\\symfony\\\\mailer\\\\Transport\\\\Smtp\\\\Stream\\\\SocketStream.php\\\";s:4:\\\"line\\\";i:154;s:4:\\\"args\\\";a:0:{}}i:1;a:8:{s:9:\\\"namespace\\\";s:46:\\\"Symfony\\\\Component\\\\Mailer\\\\Transport\\\\Smtp\\\\Stream\\\";s:11:\\\"short_class\\\";s:12:\\\"SocketStream\\\";s:5:\\\"class\\\";s:59:\\\"Symfony\\\\Component\\\\Mailer\\\\Transport\\\\Smtp\\\\Stream\\\\SocketStream\\\";s:4:\\\"type\\\";s:2:\\\"->\\\";s:8:\\\"function\\\";s:56:\\\"Symfony\\\\Component\\\\Mailer\\\\Transport\\\\Smtp\\\\Stream\\\\{closure}\\\";s:4:\\\"file\\\";N;s:4:\\\"line\\\";N;s:4:\\\"args\\\";a:4:{i:0;a:2:{i:0;s:7:\\\"integer\\\";i:1;i:2;}i:1;a:2:{i:0;s:6:\\\"string\\\";i:1;s:287:\\\"stream_socket_client(): Unable to connect to sandbox.smtp.mailtrap.io:2525 (Une tentative de connexion a échoué car le parti connecté n’a pas répondu convenablement au-delà d’une certaine durée ou une connexion établie a échoué car l’hôte de connexion n’a pas répondu)\\\";}i:2;a:2:{i:0;s:6:\\\"string\\\";i:1;s:83:\\\"C:\\\\Users\\\\dunis\\\\Projet0\\\\vendor\\\\symfony\\\\mailer\\\\Transport\\\\Smtp\\\\Stream\\\\SocketStream.php\\\";}i:3;a:2:{i:0;s:7:\\\"integer\\\";i:1;i:157;}}}i:2;a:8:{s:9:\\\"namespace\\\";s:0:\\\"\\\";s:11:\\\"short_class\\\";s:0:\\\"\\\";s:5:\\\"class\\\";s:0:\\\"\\\";s:4:\\\"type\\\";s:0:\\\"\\\";s:8:\\\"function\\\";s:20:\\\"stream_socket_client\\\";s:4:\\\"file\\\";s:83:\\\"C:\\\\Users\\\\dunis\\\\Projet0\\\\vendor\\\\symfony\\\\mailer\\\\Transport\\\\Smtp\\\\Stream\\\\SocketStream.php\\\";s:4:\\\"line\\\";i:157;s:4:\\\"args\\\";a:6:{i:0;a:2:{i:0;s:6:\\\"string\\\";i:1;s:29:\\\"sandbox.smtp.mailtrap.io:2525\\\";}i:1;a:2:{i:0;s:7:\\\"integer\\\";i:1;i:0;}i:2;a:2:{i:0;s:6:\\\"string\\\";i:1;s:0:\\\"\\\";}i:3;a:2:{i:0;s:5:\\\"float\\\";i:1;d:60;}i:4;a:2:{i:0;s:7:\\\"integer\\\";i:1;i:4;}i:5;a:2:{i:0;s:8:\\\"resource\\\";i:1;s:14:\\\"stream-context\\\";}}}i:3;a:8:{s:9:\\\"namespace\\\";s:46:\\\"Symfony\\\\Component\\\\Mailer\\\\Transport\\\\Smtp\\\\Stream\\\";s:11:\\\"short_class\\\";s:12:\\\"SocketStream\\\";s:5:\\\"class\\\";s:59:\\\"Symfony\\\\Component\\\\Mailer\\\\Transport\\\\Smtp\\\\Stream\\\\SocketStream\\\";s:4:\\\"type\\\";s:2:\\\"->\\\";s:8:\\\"function\\\";s:10:\\\"initialize\\\";s:4:\\\"file\\\";s:77:\\\"C:\\\\Users\\\\dunis\\\\Projet0\\\\vendor\\\\symfony\\\\mailer\\\\Transport\\\\Smtp\\\\SmtpTransport.php\\\";s:4:\\\"line\\\";i:279;s:4:\\\"args\\\";a:0:{}}i:4;a:8:{s:9:\\\"namespace\\\";s:39:\\\"Symfony\\\\Component\\\\Mailer\\\\Transport\\\\Smtp\\\";s:11:\\\"short_class\\\";s:13:\\\"SmtpTransport\\\";s:5:\\\"class\\\";s:53:\\\"Symfony\\\\Component\\\\Mailer\\\\Transport\\\\Smtp\\\\SmtpTransport\\\";s:4:\\\"type\\\";s:2:\\\"->\\\";s:8:\\\"function\\\";s:5:\\\"start\\\";s:4:\\\"file\\\";s:77:\\\"C:\\\\Users\\\\dunis\\\\Projet0\\\\vendor\\\\symfony\\\\mailer\\\\Transport\\\\Smtp\\\\SmtpTransport.php\\\";s:4:\\\"line\\\";i:211;s:4:\\\"args\\\";a:0:{}}i:5;a:8:{s:9:\\\"namespace\\\";s:39:\\\"Symfony\\\\Component\\\\Mailer\\\\Transport\\\\Smtp\\\";s:11:\\\"short_class\\\";s:13:\\\"SmtpTransport\\\";s:5:\\\"class\\\";s:53:\\\"Symfony\\\\Component\\\\Mailer\\\\Transport\\\\Smtp\\\\SmtpTransport\\\";s:4:\\\"type\\\";s:2:\\\"->\\\";s:8:\\\"function\\\";s:6:\\\"doSend\\\";s:4:\\\"file\\\";s:76:\\\"C:\\\\Users\\\\dunis\\\\Projet0\\\\vendor\\\\symfony\\\\mailer\\\\Transport\\\\AbstractTransport.php\\\";s:4:\\\"line\\\";i:90;s:4:\\\"args\\\";a:1:{i:0;a:2:{i:0;s:6:\\\"object\\\";i:1;s:36:\\\"Symfony\\\\Component\\\\Mailer\\\\SentMessage\\\";}}}i:6;a:8:{s:9:\\\"namespace\\\";s:34:\\\"Symfony\\\\Component\\\\Mailer\\\\Transport\\\";s:11:\\\"short_class\\\";s:17:\\\"AbstractTransport\\\";s:5:\\\"class\\\";s:52:\\\"Symfony\\\\Component\\\\Mailer\\\\Transport\\\\AbstractTransport\\\";s:4:\\\"type\\\";s:2:\\\"->\\\";s:8:\\\"function\\\";s:4:\\\"send\\\";s:4:\\\"file\\\";s:77:\\\"C:\\\\Users\\\\dunis\\\\Projet0\\\\vendor\\\\symfony\\\\mailer\\\\Transport\\\\Smtp\\\\SmtpTransport.php\\\";s:4:\\\"line\\\";i:138;s:4:\\\"args\\\";a:2:{i:0;a:2:{i:0;s:6:\\\"object\\\";i:1;s:39:\\\"Symfony\\\\Bridge\\\\Twig\\\\Mime\\\\TemplatedEmail\\\";}i:1;a:2:{i:0;s:6:\\\"object\\\";i:1;s:40:\\\"Symfony\\\\Component\\\\Mailer\\\\DelayedEnvelope\\\";}}}i:7;a:8:{s:9:\\\"namespace\\\";s:39:\\\"Symfony\\\\Component\\\\Mailer\\\\Transport\\\\Smtp\\\";s:11:\\\"short_class\\\";s:13:\\\"SmtpTransport\\\";s:5:\\\"class\\\";s:53:\\\"Symfony\\\\Component\\\\Mailer\\\\Transport\\\\Smtp\\\\SmtpTransport\\\";s:4:\\\"type\\\";s:2:\\\"->\\\";s:8:\\\"function\\\";s:4:\\\"send\\\";s:4:\\\"file\\\";s:69:\\\"C:\\\\Users\\\\dunis\\\\Projet0\\\\vendor\\\\symfony\\\\mailer\\\\Transport\\\\Transports.php\\\";s:4:\\\"line\\\";i:51;s:4:\\\"args\\\";a:2:{i:0;a:2:{i:0;s:6:\\\"object\\\";i:1;s:39:\\\"Symfony\\\\Bridge\\\\Twig\\\\Mime\\\\TemplatedEmail\\\";}i:1;a:2:{i:0;s:4:\\\"null\\\";i:1;N;}}}i:8;a:8:{s:9:\\\"namespace\\\";s:34:\\\"Symfony\\\\Component\\\\Mailer\\\\Transport\\\";s:11:\\\"short_class\\\";s:10:\\\"Transports\\\";s:5:\\\"class\\\";s:45:\\\"Symfony\\\\Component\\\\Mailer\\\\Transport\\\\Transports\\\";s:4:\\\"type\\\";s:2:\\\"->\\\";s:8:\\\"function\\\";s:4:\\\"send\\\";s:4:\\\"file\\\";s:73:\\\"C:\\\\Users\\\\dunis\\\\Projet0\\\\vendor\\\\symfony\\\\mailer\\\\Messenger\\\\MessageHandler.php\\\";s:4:\\\"line\\\";i:29;s:4:\\\"args\\\";a:2:{i:0;a:2:{i:0;s:6:\\\"object\\\";i:1;s:39:\\\"Symfony\\\\Bridge\\\\Twig\\\\Mime\\\\TemplatedEmail\\\";}i:1;a:2:{i:0;s:4:\\\"null\\\";i:1;N;}}}i:9;a:8:{s:9:\\\"namespace\\\";s:34:\\\"Symfony\\\\Component\\\\Mailer\\\\Messenger\\\";s:11:\\\"short_class\\\";s:14:\\\"MessageHandler\\\";s:5:\\\"class\\\";s:49:\\\"Symfony\\\\Component\\\\Mailer\\\\Messenger\\\\MessageHandler\\\";s:4:\\\"type\\\";s:2:\\\"->\\\";s:8:\\\"function\\\";s:8:\\\"__invoke\\\";s:4:\\\"file\\\";s:86:\\\"C:\\\\Users\\\\dunis\\\\Projet0\\\\vendor\\\\symfony\\\\messenger\\\\Middleware\\\\HandleMessageMiddleware.php\\\";s:4:\\\"line\\\";i:152;s:4:\\\"args\\\";a:1:{i:0;a:2:{i:0;s:6:\\\"object\\\";i:1;s:51:\\\"Symfony\\\\Component\\\\Mailer\\\\Messenger\\\\SendEmailMessage\\\";}}}i:10;a:8:{s:9:\\\"namespace\\\";s:38:\\\"Symfony\\\\Component\\\\Messenger\\\\Middleware\\\";s:11:\\\"short_class\\\";s:23:\\\"HandleMessageMiddleware\\\";s:5:\\\"class\\\";s:62:\\\"Symfony\\\\Component\\\\Messenger\\\\Middleware\\\\HandleMessageMiddleware\\\";s:4:\\\"type\\\";s:2:\\\"->\\\";s:8:\\\"function\\\";s:11:\\\"callHandler\\\";s:4:\\\"file\\\";s:86:\\\"C:\\\\Users\\\\dunis\\\\Projet0\\\\vendor\\\\symfony\\\\messenger\\\\Middleware\\\\HandleMessageMiddleware.php\\\";s:4:\\\"line\\\";i:91;s:4:\\\"args\\\";a:4:{i:0;a:2:{i:0;s:6:\\\"object\\\";i:1;s:7:\\\"Closure\\\";}i:1;a:2:{i:0;s:6:\\\"object\\\";i:1;s:51:\\\"Symfony\\\\Component\\\\Mailer\\\\Messenger\\\\SendEmailMessage\\\";}i:2;a:2:{i:0;s:4:\\\"null\\\";i:1;N;}i:3;a:2:{i:0;s:4:\\\"null\\\";i:1;N;}}}i:11;a:8:{s:9:\\\"namespace\\\";s:38:\\\"Symfony\\\\Component\\\\Messenger\\\\Middleware\\\";s:11:\\\"short_class\\\";s:23:\\\"HandleMessageMiddleware\\\";s:5:\\\"class\\\";s:62:\\\"Symfony\\\\Component\\\\Messenger\\\\Middleware\\\\HandleMessageMiddleware\\\";s:4:\\\"type\\\";s:2:\\\"->\\\";s:8:\\\"function\\\";s:6:\\\"handle\\\";s:4:\\\"file\\\";s:84:\\\"C:\\\\Users\\\\dunis\\\\Projet0\\\\vendor\\\\symfony\\\\messenger\\\\Middleware\\\\SendMessageMiddleware.php\\\";s:4:\\\"line\\\";i:71;s:4:\\\"args\\\";a:2:{i:0;a:2:{i:0;s:6:\\\"object\\\";i:1;s:36:\\\"Symfony\\\\Component\\\\Messenger\\\\Envelope\\\";}i:1;a:2:{i:0;s:6:\\\"object\\\";i:1;s:53:\\\"Symfony\\\\Component\\\\Messenger\\\\Middleware\\\\TraceableStack\\\";}}}i:12;a:8:{s:9:\\\"namespace\\\";s:38:\\\"Symfony\\\\Component\\\\Messenger\\\\Middleware\\\";s:11:\\\"short_class\\\";s:21:\\\"SendMessageMiddleware\\\";s:5:\\\"class\\\";s:60:\\\"Symfony\\\\Component\\\\Messenger\\\\Middleware\\\\SendMessageMiddleware\\\";s:4:\\\"type\\\";s:2:\\\"->\\\";s:8:\\\"function\\\";s:6:\\\"handle\\\";s:4:\\\"file\\\";s:96:\\\"C:\\\\Users\\\\dunis\\\\Projet0\\\\vendor\\\\symfony\\\\messenger\\\\Middleware\\\\FailedMessageProcessingMiddleware.php\\\";s:4:\\\"line\\\";i:34;s:4:\\\"args\\\";a:2:{i:0;a:2:{i:0;s:6:\\\"object\\\";i:1;s:36:\\\"Symfony\\\\Component\\\\Messenger\\\\Envelope\\\";}i:1;a:2:{i:0;s:6:\\\"object\\\";i:1;s:53:\\\"Symfony\\\\Component\\\\Messenger\\\\Middleware\\\\TraceableStack\\\";}}}i:13;a:8:{s:9:\\\"namespace\\\";s:38:\\\"Symfony\\\\Component\\\\Messenger\\\\Middleware\\\";s:11:\\\"short_class\\\";s:33:\\\"FailedMessageProcessingMiddleware\\\";s:5:\\\"class\\\";s:72:\\\"Symfony\\\\Component\\\\Messenger\\\\Middleware\\\\FailedMessageProcessingMiddleware\\\";s:4:\\\"type\\\";s:2:\\\"->\\\";s:8:\\\"function\\\";s:6:\\\"handle\\\";s:4:\\\"file\\\";s:96:\\\"C:\\\\Users\\\\dunis\\\\Projet0\\\\vendor\\\\symfony\\\\messenger\\\\Middleware\\\\DispatchAfterCurrentBusMiddleware.php\\\";s:4:\\\"line\\\";i:68;s:4:\\\"args\\\";a:2:{i:0;a:2:{i:0;s:6:\\\"object\\\";i:1;s:36:\\\"Symfony\\\\Component\\\\Messenger\\\\Envelope\\\";}i:1;a:2:{i:0;s:6:\\\"object\\\";i:1;s:53:\\\"Symfony\\\\Component\\\\Messenger\\\\Middleware\\\\TraceableStack\\\";}}}i:14;a:8:{s:9:\\\"namespace\\\";s:38:\\\"Symfony\\\\Component\\\\Messenger\\\\Middleware\\\";s:11:\\\"short_class\\\";s:33:\\\"DispatchAfterCurrentBusMiddleware\\\";s:5:\\\"class\\\";s:72:\\\"Symfony\\\\Component\\\\Messenger\\\\Middleware\\\\DispatchAfterCurrentBusMiddleware\\\";s:4:\\\"type\\\";s:2:\\\"->\\\";s:8:\\\"function\\\";s:6:\\\"handle\\\";s:4:\\\"file\\\";s:97:\\\"C:\\\\Users\\\\dunis\\\\Projet0\\\\vendor\\\\symfony\\\\messenger\\\\Middleware\\\\RejectRedeliveredMessageMiddleware.php\\\";s:4:\\\"line\\\";i:41;s:4:\\\"args\\\";a:2:{i:0;a:2:{i:0;s:6:\\\"object\\\";i:1;s:36:\\\"Symfony\\\\Component\\\\Messenger\\\\Envelope\\\";}i:1;a:2:{i:0;s:6:\\\"object\\\";i:1;s:53:\\\"Symfony\\\\Component\\\\Messenger\\\\Middleware\\\\TraceableStack\\\";}}}i:15;a:8:{s:9:\\\"namespace\\\";s:38:\\\"Symfony\\\\Component\\\\Messenger\\\\Middleware\\\";s:11:\\\"short_class\\\";s:34:\\\"RejectRedeliveredMessageMiddleware\\\";s:5:\\\"class\\\";s:73:\\\"Symfony\\\\Component\\\\Messenger\\\\Middleware\\\\RejectRedeliveredMessageMiddleware\\\";s:4:\\\"type\\\";s:2:\\\"->\\\";s:8:\\\"function\\\";s:6:\\\"handle\\\";s:4:\\\"file\\\";s:88:\\\"C:\\\\Users\\\\dunis\\\\Projet0\\\\vendor\\\\symfony\\\\messenger\\\\Middleware\\\\AddBusNameStampMiddleware.php\\\";s:4:\\\"line\\\";i:35;s:4:\\\"args\\\";a:2:{i:0;a:2:{i:0;s:6:\\\"object\\\";i:1;s:36:\\\"Symfony\\\\Component\\\\Messenger\\\\Envelope\\\";}i:1;a:2:{i:0;s:6:\\\"object\\\";i:1;s:53:\\\"Symfony\\\\Component\\\\Messenger\\\\Middleware\\\\TraceableStack\\\";}}}i:16;a:8:{s:9:\\\"namespace\\\";s:38:\\\"Symfony\\\\Component\\\\Messenger\\\\Middleware\\\";s:11:\\\"short_class\\\";s:25:\\\"AddBusNameStampMiddleware\\\";s:5:\\\"class\\\";s:64:\\\"Symfony\\\\Component\\\\Messenger\\\\Middleware\\\\AddBusNameStampMiddleware\\\";s:4:\\\"type\\\";s:2:\\\"->\\\";s:8:\\\"function\\\";s:6:\\\"handle\\\";s:4:\\\"file\\\";s:82:\\\"C:\\\\Users\\\\dunis\\\\Projet0\\\\vendor\\\\symfony\\\\messenger\\\\Middleware\\\\TraceableMiddleware.php\\\";s:4:\\\"line\\\";i:36;s:4:\\\"args\\\";a:2:{i:0;a:2:{i:0;s:6:\\\"object\\\";i:1;s:36:\\\"Symfony\\\\Component\\\\Messenger\\\\Envelope\\\";}i:1;a:2:{i:0;s:6:\\\"object\\\";i:1;s:53:\\\"Symfony\\\\Component\\\\Messenger\\\\Middleware\\\\TraceableStack\\\";}}}i:17;a:8:{s:9:\\\"namespace\\\";s:38:\\\"Symfony\\\\Component\\\\Messenger\\\\Middleware\\\";s:11:\\\"short_class\\\";s:19:\\\"TraceableMiddleware\\\";s:5:\\\"class\\\";s:58:\\\"Symfony\\\\Component\\\\Messenger\\\\Middleware\\\\TraceableMiddleware\\\";s:4:\\\"type\\\";s:2:\\\"->\\\";s:8:\\\"function\\\";s:6:\\\"handle\\\";s:4:\\\"file\\\";s:62:\\\"C:\\\\Users\\\\dunis\\\\Projet0\\\\vendor\\\\symfony\\\\messenger\\\\MessageBus.php\\\";s:4:\\\"line\\\";i:69;s:4:\\\"args\\\";a:2:{i:0;a:2:{i:0;s:6:\\\"object\\\";i:1;s:36:\\\"Symfony\\\\Component\\\\Messenger\\\\Envelope\\\";}i:1;a:2:{i:0;s:6:\\\"object\\\";i:1;s:53:\\\"Symfony\\\\Component\\\\Messenger\\\\Middleware\\\\TraceableStack\\\";}}}i:18;a:8:{s:9:\\\"namespace\\\";s:27:\\\"Symfony\\\\Component\\\\Messenger\\\";s:11:\\\"short_class\\\";s:10:\\\"MessageBus\\\";s:5:\\\"class\\\";s:38:\\\"Symfony\\\\Component\\\\Messenger\\\\MessageBus\\\";s:4:\\\"type\\\";s:2:\\\"->\\\";s:8:\\\"function\\\";s:8:\\\"dispatch\\\";s:4:\\\"file\\\";s:71:\\\"C:\\\\Users\\\\dunis\\\\Projet0\\\\vendor\\\\symfony\\\\messenger\\\\TraceableMessageBus.php\\\";s:4:\\\"line\\\";i:37;s:4:\\\"args\\\";a:2:{i:0;a:2:{i:0;s:6:\\\"object\\\";i:1;s:36:\\\"Symfony\\\\Component\\\\Messenger\\\\Envelope\\\";}i:1;a:2:{i:0;s:5:\\\"array\\\";i:1;a:0:{}}}}i:19;a:8:{s:9:\\\"namespace\\\";s:27:\\\"Symfony\\\\Component\\\\Messenger\\\";s:11:\\\"short_class\\\";s:19:\\\"TraceableMessageBus\\\";s:5:\\\"class\\\";s:47:\\\"Symfony\\\\Component\\\\Messenger\\\\TraceableMessageBus\\\";s:4:\\\"type\\\";s:2:\\\"->\\\";s:8:\\\"function\\\";s:8:\\\"dispatch\\\";s:4:\\\"file\\\";s:70:\\\"C:\\\\Users\\\\dunis\\\\Projet0\\\\vendor\\\\symfony\\\\messenger\\\\RoutableMessageBus.php\\\";s:4:\\\"line\\\";i:51;s:4:\\\"args\\\";a:2:{i:0;a:2:{i:0;s:6:\\\"object\\\";i:1;s:36:\\\"Symfony\\\\Component\\\\Messenger\\\\Envelope\\\";}i:1;a:2:{i:0;s:5:\\\"array\\\";i:1;a:0:{}}}}i:20;a:8:{s:9:\\\"namespace\\\";s:27:\\\"Symfony\\\\Component\\\\Messenger\\\";s:11:\\\"short_class\\\";s:18:\\\"RoutableMessageBus\\\";s:5:\\\"class\\\";s:46:\\\"Symfony\\\\Component\\\\Messenger\\\\RoutableMessageBus\\\";s:4:\\\"type\\\";s:2:\\\"->\\\";s:8:\\\"function\\\";s:8:\\\"dispatch\\\";s:4:\\\"file\\\";s:58:\\\"C:\\\\Users\\\\dunis\\\\Projet0\\\\vendor\\\\symfony\\\\messenger\\\\Worker.php\\\";s:4:\\\"line\\\";i:170;s:4:\\\"args\\\";a:1:{i:0;a:2:{i:0;s:6:\\\"object\\\";i:1;s:36:\\\"Symfony\\\\Component\\\\Messenger\\\\Envelope\\\";}}}i:21;a:8:{s:9:\\\"namespace\\\";s:27:\\\"Symfony\\\\Component\\\\Messenger\\\";s:11:\\\"short_class\\\";s:6:\\\"Worker\\\";s:5:\\\"class\\\";s:34:\\\"Symfony\\\\Component\\\\Messenger\\\\Worker\\\";s:4:\\\"type\\\";s:2:\\\"->\\\";s:8:\\\"function\\\";s:13:\\\"handleMessage\\\";s:4:\\\"file\\\";s:58:\\\"C:\\\\Users\\\\dunis\\\\Projet0\\\\vendor\\\\symfony\\\\messenger\\\\Worker.php\\\";s:4:\\\"line\\\";i:119;s:4:\\\"args\\\";a:2:{i:0;a:2:{i:0;s:6:\\\"object\\\";i:1;s:36:\\\"Symfony\\\\Component\\\\Messenger\\\\Envelope\\\";}i:1;a:2:{i:0;s:6:\\\"string\\\";i:1;s:5:\\\"async\\\";}}}i:22;a:8:{s:9:\\\"namespace\\\";s:27:\\\"Symfony\\\\Component\\\\Messenger\\\";s:11:\\\"short_class\\\";s:6:\\\"Worker\\\";s:5:\\\"class\\\";s:34:\\\"Symfony\\\\Component\\\\Messenger\\\\Worker\\\";s:4:\\\"type\\\";s:2:\\\"->\\\";s:8:\\\"function\\\";s:3:\\\"run\\\";s:4:\\\"file\\\";s:82:\\\"C:\\\\Users\\\\dunis\\\\Projet0\\\\vendor\\\\symfony\\\\messenger\\\\Command\\\\ConsumeMessagesCommand.php\\\";s:4:\\\"line\\\";i:260;s:4:\\\"args\\\";a:1:{i:0;a:2:{i:0;s:5:\\\"array\\\";i:1;a:1:{s:5:\\\"sleep\\\";a:2:{i:0;s:7:\\\"integer\\\";i:1;i:1000000;}}}}}i:23;a:8:{s:9:\\\"namespace\\\";s:35:\\\"Symfony\\\\Component\\\\Messenger\\\\Command\\\";s:11:\\\"short_class\\\";s:22:\\\"ConsumeMessagesCommand\\\";s:5:\\\"class\\\";s:58:\\\"Symfony\\\\Component\\\\Messenger\\\\Command\\\\ConsumeMessagesCommand\\\";s:4:\\\"type\\\";s:2:\\\"->\\\";s:8:\\\"function\\\";s:7:\\\"execute\\\";s:4:\\\"file\\\";s:65:\\\"C:\\\\Users\\\\dunis\\\\Projet0\\\\vendor\\\\symfony\\\\console\\\\Command\\\\Command.php\\\";s:4:\\\"line\\\";i:279;s:4:\\\"args\\\";a:2:{i:0;a:2:{i:0;s:6:\\\"object\\\";i:1;s:41:\\\"Symfony\\\\Component\\\\Console\\\\Input\\\\ArgvInput\\\";}i:1;a:2:{i:0;s:6:\\\"object\\\";i:1;s:46:\\\"Symfony\\\\Component\\\\Console\\\\Output\\\\ConsoleOutput\\\";}}}i:24;a:8:{s:9:\\\"namespace\\\";s:33:\\\"Symfony\\\\Component\\\\Console\\\\Command\\\";s:11:\\\"short_class\\\";s:7:\\\"Command\\\";s:5:\\\"class\\\";s:41:\\\"Symfony\\\\Component\\\\Console\\\\Command\\\\Command\\\";s:4:\\\"type\\\";s:2:\\\"->\\\";s:8:\\\"function\\\";s:3:\\\"run\\\";s:4:\\\"file\\\";s:61:\\\"C:\\\\Users\\\\dunis\\\\Projet0\\\\vendor\\\\symfony\\\\console\\\\Application.php\\\";s:4:\\\"line\\\";i:1094;s:4:\\\"args\\\";a:2:{i:0;a:2:{i:0;s:6:\\\"object\\\";i:1;s:41:\\\"Symfony\\\\Component\\\\Console\\\\Input\\\\ArgvInput\\\";}i:1;a:2:{i:0;s:6:\\\"object\\\";i:1;s:46:\\\"Symfony\\\\Component\\\\Console\\\\Output\\\\ConsoleOutput\\\";}}}i:25;a:8:{s:9:\\\"namespace\\\";s:25:\\\"Symfony\\\\Component\\\\Console\\\";s:11:\\\"short_class\\\";s:11:\\\"Application\\\";s:5:\\\"class\\\";s:37:\\\"Symfony\\\\Component\\\\Console\\\\Application\\\";s:4:\\\"type\\\";s:2:\\\"->\\\";s:8:\\\"function\\\";s:12:\\\"doRunCommand\\\";s:4:\\\"file\\\";s:78:\\\"C:\\\\Users\\\\dunis\\\\Projet0\\\\vendor\\\\symfony\\\\framework-bundle\\\\Console\\\\Application.php\\\";s:4:\\\"line\\\";i:123;s:4:\\\"args\\\";a:3:{i:0;a:2:{i:0;s:6:\\\"object\\\";i:1;s:58:\\\"Symfony\\\\Component\\\\Messenger\\\\Command\\\\ConsumeMessagesCommand\\\";}i:1;a:2:{i:0;s:6:\\\"object\\\";i:1;s:41:\\\"Symfony\\\\Component\\\\Console\\\\Input\\\\ArgvInput\\\";}i:2;a:2:{i:0;s:6:\\\"object\\\";i:1;s:46:\\\"Symfony\\\\Component\\\\Console\\\\Output\\\\ConsoleOutput\\\";}}}i:26;a:8:{s:9:\\\"namespace\\\";s:38:\\\"Symfony\\\\Bundle\\\\FrameworkBundle\\\\Console\\\";s:11:\\\"short_class\\\";s:11:\\\"Application\\\";s:5:\\\"class\\\";s:50:\\\"Symfony\\\\Bundle\\\\FrameworkBundle\\\\Console\\\\Application\\\";s:4:\\\"type\\\";s:2:\\\"->\\\";s:8:\\\"function\\\";s:12:\\\"doRunCommand\\\";s:4:\\\"file\\\";s:61:\\\"C:\\\\Users\\\\dunis\\\\Projet0\\\\vendor\\\\symfony\\\\console\\\\Application.php\\\";s:4:\\\"line\\\";i:342;s:4:\\\"args\\\";a:3:{i:0;a:2:{i:0;s:6:\\\"object\\\";i:1;s:58:\\\"Symfony\\\\Component\\\\Messenger\\\\Command\\\\ConsumeMessagesCommand\\\";}i:1;a:2:{i:0;s:6:\\\"object\\\";i:1;s:41:\\\"Symfony\\\\Component\\\\Console\\\\Input\\\\ArgvInput\\\";}i:2;a:2:{i:0;s:6:\\\"object\\\";i:1;s:46:\\\"Symfony\\\\Component\\\\Console\\\\Output\\\\ConsoleOutput\\\";}}}i:27;a:8:{s:9:\\\"namespace\\\";s:25:\\\"Symfony\\\\Component\\\\Console\\\";s:11:\\\"short_class\\\";s:11:\\\"Application\\\";s:5:\\\"class\\\";s:37:\\\"Symfony\\\\Component\\\\Console\\\\Application\\\";s:4:\\\"type\\\";s:2:\\\"->\\\";s:8:\\\"function\\\";s:5:\\\"doRun\\\";s:4:\\\"file\\\";s:78:\\\"C:\\\\Users\\\\dunis\\\\Projet0\\\\vendor\\\\symfony\\\\framework-bundle\\\\Console\\\\Application.php\\\";s:4:\\\"line\\\";i:77;s:4:\\\"args\\\";a:2:{i:0;a:2:{i:0;s:6:\\\"object\\\";i:1;s:41:\\\"Symfony\\\\Component\\\\Console\\\\Input\\\\ArgvInput\\\";}i:1;a:2:{i:0;s:6:\\\"object\\\";i:1;s:46:\\\"Symfony\\\\Component\\\\Console\\\\Output\\\\ConsoleOutput\\\";}}}i:28;a:8:{s:9:\\\"namespace\\\";s:38:\\\"Symfony\\\\Bundle\\\\FrameworkBundle\\\\Console\\\";s:11:\\\"short_class\\\";s:11:\\\"Application\\\";s:5:\\\"class\\\";s:50:\\\"Symfony\\\\Bundle\\\\FrameworkBundle\\\\Console\\\\Application\\\";s:4:\\\"type\\\";s:2:\\\"->\\\";s:8:\\\"function\\\";s:5:\\\"doRun\\\";s:4:\\\"file\\\";s:61:\\\"C:\\\\Users\\\\dunis\\\\Projet0\\\\vendor\\\\symfony\\\\console\\\\Application.php\\\";s:4:\\\"line\\\";i:193;s:4:\\\"args\\\";a:2:{i:0;a:2:{i:0;s:6:\\\"object\\\";i:1;s:41:\\\"Symfony\\\\Component\\\\Console\\\\Input\\\\ArgvInput\\\";}i:1;a:2:{i:0;s:6:\\\"object\\\";i:1;s:46:\\\"Symfony\\\\Component\\\\Console\\\\Output\\\\ConsoleOutput\\\";}}}i:29;a:8:{s:9:\\\"namespace\\\";s:25:\\\"Symfony\\\\Component\\\\Console\\\";s:11:\\\"short_class\\\";s:11:\\\"Application\\\";s:5:\\\"class\\\";s:37:\\\"Symfony\\\\Component\\\\Console\\\\Application\\\";s:4:\\\"type\\\";s:2:\\\"->\\\";s:8:\\\"function\\\";s:3:\\\"run\\\";s:4:\\\"file\\\";s:89:\\\"C:\\\\Users\\\\dunis\\\\Projet0\\\\vendor\\\\symfony\\\\runtime\\\\Runner\\\\Symfony\\\\ConsoleApplicationRunner.php\\\";s:4:\\\"line\\\";i:49;s:4:\\\"args\\\";a:2:{i:0;a:2:{i:0;s:6:\\\"object\\\";i:1;s:41:\\\"Symfony\\\\Component\\\\Console\\\\Input\\\\ArgvInput\\\";}i:1;a:2:{i:0;s:6:\\\"object\\\";i:1;s:46:\\\"Symfony\\\\Component\\\\Console\\\\Output\\\\ConsoleOutput\\\";}}}i:30;a:8:{s:9:\\\"namespace\\\";s:40:\\\"Symfony\\\\Component\\\\Runtime\\\\Runner\\\\Symfony\\\";s:11:\\\"short_class\\\";s:24:\\\"ConsoleApplicationRunner\\\";s:5:\\\"class\\\";s:65:\\\"Symfony\\\\Component\\\\Runtime\\\\Runner\\\\Symfony\\\\ConsoleApplicationRunner\\\";s:4:\\\"type\\\";s:2:\\\"->\\\";s:8:\\\"function\\\";s:3:\\\"run\\\";s:4:\\\"file\\\";s:50:\\\"C:\\\\Users\\\\dunis\\\\Projet0\\\\vendor\\\\autoload_runtime.php\\\";s:4:\\\"line\\\";i:29;s:4:\\\"args\\\";a:0:{}}i:31;a:8:{s:9:\\\"namespace\\\";s:0:\\\"\\\";s:11:\\\"short_class\\\";s:0:\\\"\\\";s:5:\\\"class\\\";s:0:\\\"\\\";s:4:\\\"type\\\";s:0:\\\"\\\";s:8:\\\"function\\\";s:12:\\\"require_once\\\";s:4:\\\"file\\\";s:34:\\\"C:\\\\Users\\\\dunis\\\\Projet0\\\\bin\\\\console\\\";s:4:\\\"line\\\";i:15;s:4:\\\"args\\\";a:1:{i:0;a:2:{i:0;s:6:\\\"string\\\";i:1;s:50:\\\"C:\\\\Users\\\\dunis\\\\Projet0\\\\vendor\\\\autoload_runtime.php\\\";}}}}s:72:\\\"\\0Symfony\\\\Component\\\\ErrorHandler\\\\Exception\\\\FlattenException\\0traceAsString\\\";s:6856:\\\"#0 [internal function]: Symfony\\\\Component\\\\Mailer\\\\Transport\\\\Smtp\\\\Stream\\\\SocketStream->Symfony\\\\Component\\\\Mailer\\\\Transport\\\\Smtp\\\\Stream\\\\{closure}(2, \\\'stream_socket_c...\\\', \\\'C:\\\\\\\\Users\\\\\\\\dunis\\\\\\\\...\\\', 157)\n#1 C:\\\\Users\\\\dunis\\\\Projet0\\\\vendor\\\\symfony\\\\mailer\\\\Transport\\\\Smtp\\\\Stream\\\\SocketStream.php(157): stream_socket_client(\\\'sandbox.smtp.ma...\\\', 0, \\\'\\\', 60.0, 4, Resource id #1026)\n#2 C:\\\\Users\\\\dunis\\\\Projet0\\\\vendor\\\\symfony\\\\mailer\\\\Transport\\\\Smtp\\\\SmtpTransport.php(279): Symfony\\\\Component\\\\Mailer\\\\Transport\\\\Smtp\\\\Stream\\\\SocketStream->initialize()\n#3 C:\\\\Users\\\\dunis\\\\Projet0\\\\vendor\\\\symfony\\\\mailer\\\\Transport\\\\Smtp\\\\SmtpTransport.php(211): Symfony\\\\Component\\\\Mailer\\\\Transport\\\\Smtp\\\\SmtpTransport->start()\n#4 C:\\\\Users\\\\dunis\\\\Projet0\\\\vendor\\\\symfony\\\\mailer\\\\Transport\\\\AbstractTransport.php(90): Symfony\\\\Component\\\\Mailer\\\\Transport\\\\Smtp\\\\SmtpTransport->doSend(Object(Symfony\\\\Component\\\\Mailer\\\\SentMessage))\n#5 C:\\\\Users\\\\dunis\\\\Projet0\\\\vendor\\\\symfony\\\\mailer\\\\Transport\\\\Smtp\\\\SmtpTransport.php(138): Symfony\\\\Component\\\\Mailer\\\\Transport\\\\AbstractTransport->send(Object(Symfony\\\\Bridge\\\\Twig\\\\Mime\\\\TemplatedEmail), Object(Symfony\\\\Component\\\\Mailer\\\\DelayedEnvelope))\n#6 C:\\\\Users\\\\dunis\\\\Projet0\\\\vendor\\\\symfony\\\\mailer\\\\Transport\\\\Transports.php(51): Symfony\\\\Component\\\\Mailer\\\\Transport\\\\Smtp\\\\SmtpTransport->send(Object(Symfony\\\\Bridge\\\\Twig\\\\Mime\\\\TemplatedEmail), NULL)\n#7 C:\\\\Users\\\\dunis\\\\Projet0\\\\vendor\\\\symfony\\\\mailer\\\\Messenger\\\\MessageHandler.php(29): Symfony\\\\Component\\\\Mailer\\\\Transport\\\\Transports->send(Object(Symfony\\\\Bridge\\\\Twig\\\\Mime\\\\TemplatedEmail), NULL)\n#8 C:\\\\Users\\\\dunis\\\\Projet0\\\\vendor\\\\symfony\\\\messenger\\\\Middleware\\\\HandleMessageMiddleware.php(152): Symfony\\\\Component\\\\Mailer\\\\Messenger\\\\MessageHandler->__invoke(Object(Symfony\\\\Component\\\\Mailer\\\\Messenger\\\\SendEmailMessage))\n#9 C:\\\\Users\\\\dunis\\\\Projet0\\\\vendor\\\\symfony\\\\messenger\\\\Middleware\\\\HandleMessageMiddleware.php(91): Symfony\\\\Component\\\\Messenger\\\\Middleware\\\\HandleMessageMiddleware->callHandler(Object(Closure), Object(Symfony\\\\Component\\\\Mailer\\\\Messenger\\\\SendEmailMessage), NULL, NULL)\n#10 C:\\\\Users\\\\dunis\\\\Projet0\\\\vendor\\\\symfony\\\\messenger\\\\Middleware\\\\SendMessageMiddleware.php(71): Symfony\\\\Component\\\\Messenger\\\\Middleware\\\\HandleMessageMiddleware->handle(Object(Symfony\\\\Component\\\\Messenger\\\\Envelope), Object(Symfony\\\\Component\\\\Messenger\\\\Middleware\\\\TraceableStack))\n#11 C:\\\\Users\\\\dunis\\\\Projet0\\\\vendor\\\\symfony\\\\messenger\\\\Middleware\\\\FailedMessageProcessingMiddleware.php(34): Symfony\\\\Component\\\\Messenger\\\\Middleware\\\\SendMessageMiddleware->handle(Object(Symfony\\\\Component\\\\Messenger\\\\Envelope), Object(Symfony\\\\Component\\\\Messenger\\\\Middleware\\\\TraceableStack))\n#12 C:\\\\Users\\\\dunis\\\\Projet0\\\\vendor\\\\symfony\\\\messenger\\\\Middleware\\\\DispatchAfterCurrentBusMiddleware.php(68): Symfony\\\\Component\\\\Messenger\\\\Middleware\\\\FailedMessageProcessingMiddleware->handle(Object(Symfony\\\\Component\\\\Messenger\\\\Envelope), Object(Symfony\\\\Component\\\\Messenger\\\\Middleware\\\\TraceableStack))\n#13 C:\\\\Users\\\\dunis\\\\Projet0\\\\vendor\\\\symfony\\\\messenger\\\\Middleware\\\\RejectRedeliveredMessageMiddleware.php(41): Symfony\\\\Component\\\\Messenger\\\\Middleware\\\\DispatchAfterCurrentBusMiddleware->handle(Object(Symfony\\\\Component\\\\Messenger\\\\Envelope), Object(Symfony\\\\Component\\\\Messenger\\\\Middleware\\\\TraceableStack))\n#14 C:\\\\Users\\\\dunis\\\\Projet0\\\\vendor\\\\symfony\\\\messenger\\\\Middleware\\\\AddBusNameStampMiddleware.php(35): Symfony\\\\Component\\\\Messenger\\\\Middleware\\\\RejectRedeliveredMessageMiddleware->handle(Object(Symfony\\\\Component\\\\Messenger\\\\Envelope), Object(Symfony\\\\Component\\\\Messenger\\\\Middleware\\\\TraceableStack))\n#15 C:\\\\Users\\\\dunis\\\\Projet0\\\\vendor\\\\symfony\\\\messenger\\\\Middleware\\\\TraceableMiddleware.php(36): Symfony\\\\Component\\\\Messenger\\\\Middleware\\\\AddBusNameStampMiddleware->handle(Object(Symfony\\\\Component\\\\Messenger\\\\Envelope), Object(Symfony\\\\Component\\\\Messenger\\\\Middleware\\\\TraceableStack))\n#16 C:\\\\Users\\\\dunis\\\\Projet0\\\\vendor\\\\symfony\\\\messenger\\\\MessageBus.php(69): Symfony\\\\Component\\\\Messenger\\\\Middleware\\\\TraceableMiddleware->handle(Object(Symfony\\\\Component\\\\Messenger\\\\Envelope), Object(Symfony\\\\Component\\\\Messenger\\\\Middleware\\\\TraceableStack))\n#17 C:\\\\Users\\\\dunis\\\\Projet0\\\\vendor\\\\symfony\\\\messenger\\\\TraceableMessageBus.php(37): Symfony\\\\Component\\\\Messenger\\\\MessageBus->dispatch(Object(Symfony\\\\Component\\\\Messenger\\\\Envelope), Array)\n#18 C:\\\\Users\\\\dunis\\\\Projet0\\\\vendor\\\\symfony\\\\messenger\\\\RoutableMessageBus.php(51): Symfony\\\\Component\\\\Messenger\\\\TraceableMessageBus->dispatch(Object(Symfony\\\\Component\\\\Messenger\\\\Envelope), Array)\n#19 C:\\\\Users\\\\dunis\\\\Projet0\\\\vendor\\\\symfony\\\\messenger\\\\Worker.php(170): Symfony\\\\Component\\\\Messenger\\\\RoutableMessageBus->dispatch(Object(Symfony\\\\Component\\\\Messenger\\\\Envelope))\n#20 C:\\\\Users\\\\dunis\\\\Projet0\\\\vendor\\\\symfony\\\\messenger\\\\Worker.php(119): Symfony\\\\Component\\\\Messenger\\\\Worker->handleMessage(Object(Symfony\\\\Component\\\\Messenger\\\\Envelope), \\\'async\\\')\n#21 C:\\\\Users\\\\dunis\\\\Projet0\\\\vendor\\\\symfony\\\\messenger\\\\Command\\\\ConsumeMessagesCommand.php(260): Symfony\\\\Component\\\\Messenger\\\\Worker->run(Array)\n#22 C:\\\\Users\\\\dunis\\\\Projet0\\\\vendor\\\\symfony\\\\console\\\\Command\\\\Command.php(279): Symfony\\\\Component\\\\Messenger\\\\Command\\\\ConsumeMessagesCommand->execute(Object(Symfony\\\\Component\\\\Console\\\\Input\\\\ArgvInput), Object(Symfony\\\\Component\\\\Console\\\\Output\\\\ConsoleOutput))\n#23 C:\\\\Users\\\\dunis\\\\Projet0\\\\vendor\\\\symfony\\\\console\\\\Application.php(1094): Symfony\\\\Component\\\\Console\\\\Command\\\\Command->run(Object(Symfony\\\\Component\\\\Console\\\\Input\\\\ArgvInput), Object(Symfony\\\\Component\\\\Console\\\\Output\\\\ConsoleOutput))\n#24 C:\\\\Users\\\\dunis\\\\Projet0\\\\vendor\\\\symfony\\\\framework-bundle\\\\Console\\\\Application.php(123): Symfony\\\\Component\\\\Console\\\\Application->doRunCommand(Object(Symfony\\\\Component\\\\Messenger\\\\Command\\\\ConsumeMessagesCommand), Object(Symfony\\\\Component\\\\Console\\\\Input\\\\ArgvInput), Object(Symfony\\\\Component\\\\Console\\\\Output\\\\ConsoleOutput))\n#25 C:\\\\Users\\\\dunis\\\\Projet0\\\\vendor\\\\symfony\\\\console\\\\Application.php(342): Symfony\\\\Bundle\\\\FrameworkBundle\\\\Console\\\\Application->doRunCommand(Object(Symfony\\\\Component\\\\Messenger\\\\Command\\\\ConsumeMessagesCommand), Object(Symfony\\\\Component\\\\Console\\\\Input\\\\ArgvInput), Object(Symfony\\\\Component\\\\Console\\\\Output\\\\ConsoleOutput))\n#26 C:\\\\Users\\\\dunis\\\\Projet0\\\\vendor\\\\symfony\\\\framework-bundle\\\\Console\\\\Application.php(77): Symfony\\\\Component\\\\Console\\\\Application->doRun(Object(Symfony\\\\Component\\\\Console\\\\Input\\\\ArgvInput), Object(Symfony\\\\Component\\\\Console\\\\Output\\\\ConsoleOutput))\n#27 C:\\\\Users\\\\dunis\\\\Projet0\\\\vendor\\\\symfony\\\\console\\\\Application.php(193): Symfony\\\\Bundle\\\\FrameworkBundle\\\\Console\\\\Application->doRun(Object(Symfony\\\\Component\\\\Console\\\\Input\\\\ArgvInput), Object(Symfony\\\\Component\\\\Console\\\\Output\\\\ConsoleOutput))\n#28 C:\\\\Users\\\\dunis\\\\Projet0\\\\vendor\\\\symfony\\\\runtime\\\\Runner\\\\Symfony\\\\ConsoleApplicationRunner.php(49): Symfony\\\\Component\\\\Console\\\\Application->run(Object(Symfony\\\\Component\\\\Console\\\\Input\\\\ArgvInput), Object(Symfony\\\\Component\\\\Console\\\\Output\\\\ConsoleOutput))\n#29 C:\\\\Users\\\\dunis\\\\Projet0\\\\vendor\\\\autoload_runtime.php(29): Symfony\\\\Component\\\\Runtime\\\\Runner\\\\Symfony\\\\ConsoleApplicationRunner->run()\n#30 C:\\\\Users\\\\dunis\\\\Projet0\\\\bin\\\\console(15): require_once(\\\'C:\\\\\\\\Users\\\\\\\\dunis\\\\\\\\...\\\')\n#31 {main}\\\";s:64:\\\"\\0Symfony\\\\Component\\\\ErrorHandler\\\\Exception\\\\FlattenException\\0class\\\";s:53:\\\"Symfony\\\\Component\\\\Mailer\\\\Exception\\\\TransportException\\\";s:69:\\\"\\0Symfony\\\\Component\\\\ErrorHandler\\\\Exception\\\\FlattenException\\0statusCode\\\";i:500;s:69:\\\"\\0Symfony\\\\Component\\\\ErrorHandler\\\\Exception\\\\FlattenException\\0statusText\\\";s:21:\\\"Internal Server Error\\\";s:66:\\\"\\0Symfony\\\\Component\\\\ErrorHandler\\\\Exception\\\\FlattenException\\0headers\\\";a:0:{}s:63:\\\"\\0Symfony\\\\Component\\\\ErrorHandler\\\\Exception\\\\FlattenException\\0file\\\";s:83:\\\"C:\\\\Users\\\\dunis\\\\Projet0\\\\vendor\\\\symfony\\\\mailer\\\\Transport\\\\Smtp\\\\Stream\\\\SocketStream.php\\\";s:63:\\\"\\0Symfony\\\\Component\\\\ErrorHandler\\\\Exception\\\\FlattenException\\0line\\\";i:154;s:67:\\\"\\0Symfony\\\\Component\\\\ErrorHandler\\\\Exception\\\\FlattenException\\0asString\\\";N;}}}s:44:\\\"Symfony\\\\Component\\\\Messenger\\\\Stamp\\\\DelayStamp\\\";a:4:{i:0;O:44:\\\"Symfony\\\\Component\\\\Messenger\\\\Stamp\\\\DelayStamp\\\":1:{s:51:\\\"\\0Symfony\\\\Component\\\\Messenger\\\\Stamp\\\\DelayStamp\\0delay\\\";i:1014;}i:1;O:44:\\\"Symfony\\\\Component\\\\Messenger\\\\Stamp\\\\DelayStamp\\\":1:{s:51:\\\"\\0Symfony\\\\Component\\\\Messenger\\\\Stamp\\\\DelayStamp\\0delay\\\";i:1914;}i:2;O:44:\\\"Symfony\\\\Component\\\\Messenger\\\\Stamp\\\\DelayStamp\\\":1:{s:51:\\\"\\0Symfony\\\\Component\\\\Messenger\\\\Stamp\\\\DelayStamp\\0delay\\\";i:4263;}i:3;O:44:\\\"Symfony\\\\Component\\\\Messenger\\\\Stamp\\\\DelayStamp\\\":1:{s:51:\\\"\\0Symfony\\\\Component\\\\Messenger\\\\Stamp\\\\DelayStamp\\0delay\\\";i:0;}}s:49:\\\"Symfony\\\\Component\\\\Messenger\\\\Stamp\\\\RedeliveryStamp\\\";a:4:{i:0;O:49:\\\"Symfony\\\\Component\\\\Messenger\\\\Stamp\\\\RedeliveryStamp\\\":2:{s:64:\\\"\\0Symfony\\\\Component\\\\Messenger\\\\Stamp\\\\RedeliveryStamp\\0redeliveredAt\\\";O:17:\\\"DateTimeImmutable\\\":3:{s:4:\\\"date\\\";s:26:\\\"2025-05-22 14:55:35.969305\\\";s:13:\\\"timezone_type\\\";i:3;s:8:\\\"timezone\\\";s:13:\\\"Europe/Berlin\\\";}s:61:\\\"\\0Symfony\\\\Component\\\\Messenger\\\\Stamp\\\\RedeliveryStamp\\0retryCount\\\";i:1;}i:1;O:49:\\\"Symfony\\\\Component\\\\Messenger\\\\Stamp\\\\RedeliveryStamp\\\":2:{s:64:\\\"\\0Symfony\\\\Component\\\\Messenger\\\\Stamp\\\\RedeliveryStamp\\0redeliveredAt\\\";O:17:\\\"DateTimeImmutable\\\":3:{s:4:\\\"date\\\";s:26:\\\"2025-05-22 14:58:36.357693\\\";s:13:\\\"timezone_type\\\";i:3;s:8:\\\"timezone\\\";s:13:\\\"Europe/Berlin\\\";}s:61:\\\"\\0Symfony\\\\Component\\\\Messenger\\\\Stamp\\\\RedeliveryStamp\\0retryCount\\\";i:2;}i:2;O:49:\\\"Symfony\\\\Component\\\\Messenger\\\\Stamp\\\\RedeliveryStamp\\\":2:{s:64:\\\"\\0Symfony\\\\Component\\\\Messenger\\\\Stamp\\\\RedeliveryStamp\\0redeliveredAt\\\";O:17:\\\"DateTimeImmutable\\\":3:{s:4:\\\"date\\\";s:26:\\\"2025-05-22 15:01:36.777550\\\";s:13:\\\"timezone_type\\\";i:3;s:8:\\\"timezone\\\";s:13:\\\"Europe/Berlin\\\";}s:61:\\\"\\0Symfony\\\\Component\\\\Messenger\\\\Stamp\\\\RedeliveryStamp\\0retryCount\\\";i:3;}i:3;O:49:\\\"Symfony\\\\Component\\\\Messenger\\\\Stamp\\\\RedeliveryStamp\\\":2:{s:64:\\\"\\0Symfony\\\\Component\\\\Messenger\\\\Stamp\\\\RedeliveryStamp\\0redeliveredAt\\\";O:17:\\\"DateTimeImmutable\\\":3:{s:4:\\\"date\\\";s:26:\\\"2025-05-22 15:04:37.437944\\\";s:13:\\\"timezone_type\\\";i:3;s:8:\\\"timezone\\\";s:13:\\\"Europe/Berlin\\\";}s:61:\\\"\\0Symfony\\\\Component\\\\Messenger\\\\Stamp\\\\RedeliveryStamp\\0retryCount\\\";i:0;}}s:57:\\\"Symfony\\\\Component\\\\Messenger\\\\Stamp\\\\TransportMessageIdStamp\\\";a:1:{i:0;O:57:\\\"Symfony\\\\Component\\\\Messenger\\\\Stamp\\\\TransportMessageIdStamp\\\":1:{s:61:\\\"\\0Symfony\\\\Component\\\\Messenger\\\\Stamp\\\\TransportMessageIdStamp\\0id\\\";i:11;}}s:61:\\\"Symfony\\\\Component\\\\Messenger\\\\Stamp\\\\SentToFailureTransportStamp\\\";a:1:{i:0;O:61:\\\"Symfony\\\\Component\\\\Messenger\\\\Stamp\\\\SentToFailureTransportStamp\\\":1:{s:83:\\\"\\0Symfony\\\\Component\\\\Messenger\\\\Stamp\\\\SentToFailureTransportStamp\\0originalReceiverName\\\";s:5:\\\"async\\\";}}}s:45:\\\"\\0Symfony\\\\Component\\\\Messenger\\\\Envelope\\0message\\\";O:51:\\\"Symfony\\\\Component\\\\Mailer\\\\Messenger\\\\SendEmailMessage\\\":2:{s:60:\\\"\\0Symfony\\\\Component\\\\Mailer\\\\Messenger\\\\SendEmailMessage\\0message\\\";O:39:\\\"Symfony\\\\Bridge\\\\Twig\\\\Mime\\\\TemplatedEmail\\\":5:{i:0;s:41:\\\"registration/confirmation_email.html.twig\\\";i:1;N;i:2;a:3:{s:9:\\\"signedUrl\\\";s:167:\\\"http://127.0.0.1:8000/verify/email?expires=1747920966&signature=OaWx3ArbRRuzUjQ5jncwfsbeLYyXHkZcv7UHCKSr6LI%3D&token=UFgL7c71XvKS%2FQPtpFTMFoO6wl7rAvCmIUg%2FcLfSx48%3D\\\";s:19:\\\"expiresAtMessageKey\\\";s:26:\\\"%count% hour|%count% hours\\\";s:20:\\\"expiresAtMessageData\\\";a:1:{s:7:\\\"%count%\\\";i:1;}}i:3;a:6:{i:0;N;i:1;N;i:2;N;i:3;N;i:4;a:0:{}i:5;a:2:{i:0;O:37:\\\"Symfony\\\\Component\\\\Mime\\\\Header\\\\Headers\\\":2:{s:46:\\\"\\0Symfony\\\\Component\\\\Mime\\\\Header\\\\Headers\\0headers\\\";a:3:{s:4:\\\"from\\\";a:1:{i:0;O:47:\\\"Symfony\\\\Component\\\\Mime\\\\Header\\\\MailboxListHeader\\\":5:{s:50:\\\"\\0Symfony\\\\Component\\\\Mime\\\\Header\\\\AbstractHeader\\0name\\\";s:4:\\\"From\\\";s:56:\\\"\\0Symfony\\\\Component\\\\Mime\\\\Header\\\\AbstractHeader\\0lineLength\\\";i:76;s:50:\\\"\\0Symfony\\\\Component\\\\Mime\\\\Header\\\\AbstractHeader\\0lang\\\";N;s:53:\\\"\\0Symfony\\\\Component\\\\Mime\\\\Header\\\\AbstractHeader\\0charset\\\";s:5:\\\"utf-8\\\";s:58:\\\"\\0Symfony\\\\Component\\\\Mime\\\\Header\\\\MailboxListHeader\\0addresses\\\";a:1:{i:0;O:30:\\\"Symfony\\\\Component\\\\Mime\\\\Address\\\":2:{s:39:\\\"\\0Symfony\\\\Component\\\\Mime\\\\Address\\0address\\\";s:19:\\\"dunisnoah@gmail.com\\\";s:36:\\\"\\0Symfony\\\\Component\\\\Mime\\\\Address\\0name\\\";s:4:\\\"Noah\\\";}}}}s:2:\\\"to\\\";a:1:{i:0;O:47:\\\"Symfony\\\\Component\\\\Mime\\\\Header\\\\MailboxListHeader\\\":5:{s:50:\\\"\\0Symfony\\\\Component\\\\Mime\\\\Header\\\\AbstractHeader\\0name\\\";s:2:\\\"To\\\";s:56:\\\"\\0Symfony\\\\Component\\\\Mime\\\\Header\\\\AbstractHeader\\0lineLength\\\";i:76;s:50:\\\"\\0Symfony\\\\Component\\\\Mime\\\\Header\\\\AbstractHeader\\0lang\\\";N;s:53:\\\"\\0Symfony\\\\Component\\\\Mime\\\\Header\\\\AbstractHeader\\0charset\\\";s:5:\\\"utf-8\\\";s:58:\\\"\\0Symfony\\\\Component\\\\Mime\\\\Header\\\\MailboxListHeader\\0addresses\\\";a:1:{i:0;O:30:\\\"Symfony\\\\Component\\\\Mime\\\\Address\\\":2:{s:39:\\\"\\0Symfony\\\\Component\\\\Mime\\\\Address\\0address\\\";s:30:\\\"noah.dunis@coda-student.school\\\";s:36:\\\"\\0Symfony\\\\Component\\\\Mime\\\\Address\\0name\\\";s:0:\\\"\\\";}}}}s:7:\\\"subject\\\";a:1:{i:0;O:48:\\\"Symfony\\\\Component\\\\Mime\\\\Header\\\\UnstructuredHeader\\\":5:{s:50:\\\"\\0Symfony\\\\Component\\\\Mime\\\\Header\\\\AbstractHeader\\0name\\\";s:7:\\\"Subject\\\";s:56:\\\"\\0Symfony\\\\Component\\\\Mime\\\\Header\\\\AbstractHeader\\0lineLength\\\";i:76;s:50:\\\"\\0Symfony\\\\Component\\\\Mime\\\\Header\\\\AbstractHeader\\0lang\\\";N;s:53:\\\"\\0Symfony\\\\Component\\\\Mime\\\\Header\\\\AbstractHeader\\0charset\\\";s:5:\\\"utf-8\\\";s:55:\\\"\\0Symfony\\\\Component\\\\Mime\\\\Header\\\\UnstructuredHeader\\0value\\\";s:25:\\\"Please Confirm your Email\\\";}}}s:49:\\\"\\0Symfony\\\\Component\\\\Mime\\\\Header\\\\Headers\\0lineLength\\\";i:76;}i:1;N;}}i:4;N;}s:61:\\\"\\0Symfony\\\\Component\\\\Mailer\\\\Messenger\\\\SendEmailMessage\\0envelope\\\";N;}}', '[]', 'failed', '2025-05-22 13:04:37', '2025-05-22 13:04:37', NULL);
INSERT INTO `messenger_messages` (`id`, `body`, `headers`, `queue_name`, `created_at`, `available_at`, `delivered_at`) VALUES
(15, 'O:36:\\\"Symfony\\\\Component\\\\Messenger\\\\Envelope\\\":2:{s:44:\\\"\\0Symfony\\\\Component\\\\Messenger\\\\Envelope\\0stamps\\\";a:6:{s:46:\\\"Symfony\\\\Component\\\\Messenger\\\\Stamp\\\\BusNameStamp\\\";a:1:{i:0;O:46:\\\"Symfony\\\\Component\\\\Messenger\\\\Stamp\\\\BusNameStamp\\\":1:{s:55:\\\"\\0Symfony\\\\Component\\\\Messenger\\\\Stamp\\\\BusNameStamp\\0busName\\\";s:21:\\\"messenger.bus.default\\\";}}s:51:\\\"Symfony\\\\Component\\\\Messenger\\\\Stamp\\\\ErrorDetailsStamp\\\";a:1:{i:0;O:51:\\\"Symfony\\\\Component\\\\Messenger\\\\Stamp\\\\ErrorDetailsStamp\\\":4:{s:67:\\\"\\0Symfony\\\\Component\\\\Messenger\\\\Stamp\\\\ErrorDetailsStamp\\0exceptionClass\\\";s:53:\\\"Symfony\\\\Component\\\\Mailer\\\\Exception\\\\TransportException\\\";s:66:\\\"\\0Symfony\\\\Component\\\\Messenger\\\\Stamp\\\\ErrorDetailsStamp\\0exceptionCode\\\";i:0;s:69:\\\"\\0Symfony\\\\Component\\\\Messenger\\\\Stamp\\\\ErrorDetailsStamp\\0exceptionMessage\\\";s:366:\\\"Connection could not be established with host \\\"sandbox.smtp.mailtrap.io:2525\\\": stream_socket_client(): Unable to connect to sandbox.smtp.mailtrap.io:2525 (Une tentative de connexion a échoué car le parti connecté n’a pas répondu convenablement au-delà d’une certaine durée ou une connexion établie a échoué car l’hôte de connexion n’a pas répondu)\\\";s:69:\\\"\\0Symfony\\\\Component\\\\Messenger\\\\Stamp\\\\ErrorDetailsStamp\\0flattenException\\\";O:57:\\\"Symfony\\\\Component\\\\ErrorHandler\\\\Exception\\\\FlattenException\\\":12:{s:66:\\\"\\0Symfony\\\\Component\\\\ErrorHandler\\\\Exception\\\\FlattenException\\0message\\\";s:366:\\\"Connection could not be established with host \\\"sandbox.smtp.mailtrap.io:2525\\\": stream_socket_client(): Unable to connect to sandbox.smtp.mailtrap.io:2525 (Une tentative de connexion a échoué car le parti connecté n’a pas répondu convenablement au-delà d’une certaine durée ou une connexion établie a échoué car l’hôte de connexion n’a pas répondu)\\\";s:63:\\\"\\0Symfony\\\\Component\\\\ErrorHandler\\\\Exception\\\\FlattenException\\0code\\\";i:0;s:67:\\\"\\0Symfony\\\\Component\\\\ErrorHandler\\\\Exception\\\\FlattenException\\0previous\\\";N;s:64:\\\"\\0Symfony\\\\Component\\\\ErrorHandler\\\\Exception\\\\FlattenException\\0trace\\\";a:32:{i:0;a:8:{s:9:\\\"namespace\\\";s:0:\\\"\\\";s:11:\\\"short_class\\\";s:0:\\\"\\\";s:5:\\\"class\\\";s:0:\\\"\\\";s:4:\\\"type\\\";s:0:\\\"\\\";s:8:\\\"function\\\";s:0:\\\"\\\";s:4:\\\"file\\\";s:83:\\\"C:\\\\Users\\\\dunis\\\\Projet0\\\\vendor\\\\symfony\\\\mailer\\\\Transport\\\\Smtp\\\\Stream\\\\SocketStream.php\\\";s:4:\\\"line\\\";i:154;s:4:\\\"args\\\";a:0:{}}i:1;a:8:{s:9:\\\"namespace\\\";s:46:\\\"Symfony\\\\Component\\\\Mailer\\\\Transport\\\\Smtp\\\\Stream\\\";s:11:\\\"short_class\\\";s:12:\\\"SocketStream\\\";s:5:\\\"class\\\";s:59:\\\"Symfony\\\\Component\\\\Mailer\\\\Transport\\\\Smtp\\\\Stream\\\\SocketStream\\\";s:4:\\\"type\\\";s:2:\\\"->\\\";s:8:\\\"function\\\";s:56:\\\"Symfony\\\\Component\\\\Mailer\\\\Transport\\\\Smtp\\\\Stream\\\\{closure}\\\";s:4:\\\"file\\\";N;s:4:\\\"line\\\";N;s:4:\\\"args\\\";a:4:{i:0;a:2:{i:0;s:7:\\\"integer\\\";i:1;i:2;}i:1;a:2:{i:0;s:6:\\\"string\\\";i:1;s:287:\\\"stream_socket_client(): Unable to connect to sandbox.smtp.mailtrap.io:2525 (Une tentative de connexion a échoué car le parti connecté n’a pas répondu convenablement au-delà d’une certaine durée ou une connexion établie a échoué car l’hôte de connexion n’a pas répondu)\\\";}i:2;a:2:{i:0;s:6:\\\"string\\\";i:1;s:83:\\\"C:\\\\Users\\\\dunis\\\\Projet0\\\\vendor\\\\symfony\\\\mailer\\\\Transport\\\\Smtp\\\\Stream\\\\SocketStream.php\\\";}i:3;a:2:{i:0;s:7:\\\"integer\\\";i:1;i:157;}}}i:2;a:8:{s:9:\\\"namespace\\\";s:0:\\\"\\\";s:11:\\\"short_class\\\";s:0:\\\"\\\";s:5:\\\"class\\\";s:0:\\\"\\\";s:4:\\\"type\\\";s:0:\\\"\\\";s:8:\\\"function\\\";s:20:\\\"stream_socket_client\\\";s:4:\\\"file\\\";s:83:\\\"C:\\\\Users\\\\dunis\\\\Projet0\\\\vendor\\\\symfony\\\\mailer\\\\Transport\\\\Smtp\\\\Stream\\\\SocketStream.php\\\";s:4:\\\"line\\\";i:157;s:4:\\\"args\\\";a:6:{i:0;a:2:{i:0;s:6:\\\"string\\\";i:1;s:29:\\\"sandbox.smtp.mailtrap.io:2525\\\";}i:1;a:2:{i:0;s:7:\\\"integer\\\";i:1;i:0;}i:2;a:2:{i:0;s:6:\\\"string\\\";i:1;s:0:\\\"\\\";}i:3;a:2:{i:0;s:5:\\\"float\\\";i:1;d:60;}i:4;a:2:{i:0;s:7:\\\"integer\\\";i:1;i:4;}i:5;a:2:{i:0;s:8:\\\"resource\\\";i:1;s:14:\\\"stream-context\\\";}}}i:3;a:8:{s:9:\\\"namespace\\\";s:46:\\\"Symfony\\\\Component\\\\Mailer\\\\Transport\\\\Smtp\\\\Stream\\\";s:11:\\\"short_class\\\";s:12:\\\"SocketStream\\\";s:5:\\\"class\\\";s:59:\\\"Symfony\\\\Component\\\\Mailer\\\\Transport\\\\Smtp\\\\Stream\\\\SocketStream\\\";s:4:\\\"type\\\";s:2:\\\"->\\\";s:8:\\\"function\\\";s:10:\\\"initialize\\\";s:4:\\\"file\\\";s:77:\\\"C:\\\\Users\\\\dunis\\\\Projet0\\\\vendor\\\\symfony\\\\mailer\\\\Transport\\\\Smtp\\\\SmtpTransport.php\\\";s:4:\\\"line\\\";i:279;s:4:\\\"args\\\";a:0:{}}i:4;a:8:{s:9:\\\"namespace\\\";s:39:\\\"Symfony\\\\Component\\\\Mailer\\\\Transport\\\\Smtp\\\";s:11:\\\"short_class\\\";s:13:\\\"SmtpTransport\\\";s:5:\\\"class\\\";s:53:\\\"Symfony\\\\Component\\\\Mailer\\\\Transport\\\\Smtp\\\\SmtpTransport\\\";s:4:\\\"type\\\";s:2:\\\"->\\\";s:8:\\\"function\\\";s:5:\\\"start\\\";s:4:\\\"file\\\";s:77:\\\"C:\\\\Users\\\\dunis\\\\Projet0\\\\vendor\\\\symfony\\\\mailer\\\\Transport\\\\Smtp\\\\SmtpTransport.php\\\";s:4:\\\"line\\\";i:211;s:4:\\\"args\\\";a:0:{}}i:5;a:8:{s:9:\\\"namespace\\\";s:39:\\\"Symfony\\\\Component\\\\Mailer\\\\Transport\\\\Smtp\\\";s:11:\\\"short_class\\\";s:13:\\\"SmtpTransport\\\";s:5:\\\"class\\\";s:53:\\\"Symfony\\\\Component\\\\Mailer\\\\Transport\\\\Smtp\\\\SmtpTransport\\\";s:4:\\\"type\\\";s:2:\\\"->\\\";s:8:\\\"function\\\";s:6:\\\"doSend\\\";s:4:\\\"file\\\";s:76:\\\"C:\\\\Users\\\\dunis\\\\Projet0\\\\vendor\\\\symfony\\\\mailer\\\\Transport\\\\AbstractTransport.php\\\";s:4:\\\"line\\\";i:90;s:4:\\\"args\\\";a:1:{i:0;a:2:{i:0;s:6:\\\"object\\\";i:1;s:36:\\\"Symfony\\\\Component\\\\Mailer\\\\SentMessage\\\";}}}i:6;a:8:{s:9:\\\"namespace\\\";s:34:\\\"Symfony\\\\Component\\\\Mailer\\\\Transport\\\";s:11:\\\"short_class\\\";s:17:\\\"AbstractTransport\\\";s:5:\\\"class\\\";s:52:\\\"Symfony\\\\Component\\\\Mailer\\\\Transport\\\\AbstractTransport\\\";s:4:\\\"type\\\";s:2:\\\"->\\\";s:8:\\\"function\\\";s:4:\\\"send\\\";s:4:\\\"file\\\";s:77:\\\"C:\\\\Users\\\\dunis\\\\Projet0\\\\vendor\\\\symfony\\\\mailer\\\\Transport\\\\Smtp\\\\SmtpTransport.php\\\";s:4:\\\"line\\\";i:138;s:4:\\\"args\\\";a:2:{i:0;a:2:{i:0;s:6:\\\"object\\\";i:1;s:39:\\\"Symfony\\\\Bridge\\\\Twig\\\\Mime\\\\TemplatedEmail\\\";}i:1;a:2:{i:0;s:6:\\\"object\\\";i:1;s:40:\\\"Symfony\\\\Component\\\\Mailer\\\\DelayedEnvelope\\\";}}}i:7;a:8:{s:9:\\\"namespace\\\";s:39:\\\"Symfony\\\\Component\\\\Mailer\\\\Transport\\\\Smtp\\\";s:11:\\\"short_class\\\";s:13:\\\"SmtpTransport\\\";s:5:\\\"class\\\";s:53:\\\"Symfony\\\\Component\\\\Mailer\\\\Transport\\\\Smtp\\\\SmtpTransport\\\";s:4:\\\"type\\\";s:2:\\\"->\\\";s:8:\\\"function\\\";s:4:\\\"send\\\";s:4:\\\"file\\\";s:69:\\\"C:\\\\Users\\\\dunis\\\\Projet0\\\\vendor\\\\symfony\\\\mailer\\\\Transport\\\\Transports.php\\\";s:4:\\\"line\\\";i:51;s:4:\\\"args\\\";a:2:{i:0;a:2:{i:0;s:6:\\\"object\\\";i:1;s:39:\\\"Symfony\\\\Bridge\\\\Twig\\\\Mime\\\\TemplatedEmail\\\";}i:1;a:2:{i:0;s:4:\\\"null\\\";i:1;N;}}}i:8;a:8:{s:9:\\\"namespace\\\";s:34:\\\"Symfony\\\\Component\\\\Mailer\\\\Transport\\\";s:11:\\\"short_class\\\";s:10:\\\"Transports\\\";s:5:\\\"class\\\";s:45:\\\"Symfony\\\\Component\\\\Mailer\\\\Transport\\\\Transports\\\";s:4:\\\"type\\\";s:2:\\\"->\\\";s:8:\\\"function\\\";s:4:\\\"send\\\";s:4:\\\"file\\\";s:73:\\\"C:\\\\Users\\\\dunis\\\\Projet0\\\\vendor\\\\symfony\\\\mailer\\\\Messenger\\\\MessageHandler.php\\\";s:4:\\\"line\\\";i:29;s:4:\\\"args\\\";a:2:{i:0;a:2:{i:0;s:6:\\\"object\\\";i:1;s:39:\\\"Symfony\\\\Bridge\\\\Twig\\\\Mime\\\\TemplatedEmail\\\";}i:1;a:2:{i:0;s:4:\\\"null\\\";i:1;N;}}}i:9;a:8:{s:9:\\\"namespace\\\";s:34:\\\"Symfony\\\\Component\\\\Mailer\\\\Messenger\\\";s:11:\\\"short_class\\\";s:14:\\\"MessageHandler\\\";s:5:\\\"class\\\";s:49:\\\"Symfony\\\\Component\\\\Mailer\\\\Messenger\\\\MessageHandler\\\";s:4:\\\"type\\\";s:2:\\\"->\\\";s:8:\\\"function\\\";s:8:\\\"__invoke\\\";s:4:\\\"file\\\";s:86:\\\"C:\\\\Users\\\\dunis\\\\Projet0\\\\vendor\\\\symfony\\\\messenger\\\\Middleware\\\\HandleMessageMiddleware.php\\\";s:4:\\\"line\\\";i:152;s:4:\\\"args\\\";a:1:{i:0;a:2:{i:0;s:6:\\\"object\\\";i:1;s:51:\\\"Symfony\\\\Component\\\\Mailer\\\\Messenger\\\\SendEmailMessage\\\";}}}i:10;a:8:{s:9:\\\"namespace\\\";s:38:\\\"Symfony\\\\Component\\\\Messenger\\\\Middleware\\\";s:11:\\\"short_class\\\";s:23:\\\"HandleMessageMiddleware\\\";s:5:\\\"class\\\";s:62:\\\"Symfony\\\\Component\\\\Messenger\\\\Middleware\\\\HandleMessageMiddleware\\\";s:4:\\\"type\\\";s:2:\\\"->\\\";s:8:\\\"function\\\";s:11:\\\"callHandler\\\";s:4:\\\"file\\\";s:86:\\\"C:\\\\Users\\\\dunis\\\\Projet0\\\\vendor\\\\symfony\\\\messenger\\\\Middleware\\\\HandleMessageMiddleware.php\\\";s:4:\\\"line\\\";i:91;s:4:\\\"args\\\";a:4:{i:0;a:2:{i:0;s:6:\\\"object\\\";i:1;s:7:\\\"Closure\\\";}i:1;a:2:{i:0;s:6:\\\"object\\\";i:1;s:51:\\\"Symfony\\\\Component\\\\Mailer\\\\Messenger\\\\SendEmailMessage\\\";}i:2;a:2:{i:0;s:4:\\\"null\\\";i:1;N;}i:3;a:2:{i:0;s:4:\\\"null\\\";i:1;N;}}}i:11;a:8:{s:9:\\\"namespace\\\";s:38:\\\"Symfony\\\\Component\\\\Messenger\\\\Middleware\\\";s:11:\\\"short_class\\\";s:23:\\\"HandleMessageMiddleware\\\";s:5:\\\"class\\\";s:62:\\\"Symfony\\\\Component\\\\Messenger\\\\Middleware\\\\HandleMessageMiddleware\\\";s:4:\\\"type\\\";s:2:\\\"->\\\";s:8:\\\"function\\\";s:6:\\\"handle\\\";s:4:\\\"file\\\";s:84:\\\"C:\\\\Users\\\\dunis\\\\Projet0\\\\vendor\\\\symfony\\\\messenger\\\\Middleware\\\\SendMessageMiddleware.php\\\";s:4:\\\"line\\\";i:71;s:4:\\\"args\\\";a:2:{i:0;a:2:{i:0;s:6:\\\"object\\\";i:1;s:36:\\\"Symfony\\\\Component\\\\Messenger\\\\Envelope\\\";}i:1;a:2:{i:0;s:6:\\\"object\\\";i:1;s:53:\\\"Symfony\\\\Component\\\\Messenger\\\\Middleware\\\\TraceableStack\\\";}}}i:12;a:8:{s:9:\\\"namespace\\\";s:38:\\\"Symfony\\\\Component\\\\Messenger\\\\Middleware\\\";s:11:\\\"short_class\\\";s:21:\\\"SendMessageMiddleware\\\";s:5:\\\"class\\\";s:60:\\\"Symfony\\\\Component\\\\Messenger\\\\Middleware\\\\SendMessageMiddleware\\\";s:4:\\\"type\\\";s:2:\\\"->\\\";s:8:\\\"function\\\";s:6:\\\"handle\\\";s:4:\\\"file\\\";s:96:\\\"C:\\\\Users\\\\dunis\\\\Projet0\\\\vendor\\\\symfony\\\\messenger\\\\Middleware\\\\FailedMessageProcessingMiddleware.php\\\";s:4:\\\"line\\\";i:34;s:4:\\\"args\\\";a:2:{i:0;a:2:{i:0;s:6:\\\"object\\\";i:1;s:36:\\\"Symfony\\\\Component\\\\Messenger\\\\Envelope\\\";}i:1;a:2:{i:0;s:6:\\\"object\\\";i:1;s:53:\\\"Symfony\\\\Component\\\\Messenger\\\\Middleware\\\\TraceableStack\\\";}}}i:13;a:8:{s:9:\\\"namespace\\\";s:38:\\\"Symfony\\\\Component\\\\Messenger\\\\Middleware\\\";s:11:\\\"short_class\\\";s:33:\\\"FailedMessageProcessingMiddleware\\\";s:5:\\\"class\\\";s:72:\\\"Symfony\\\\Component\\\\Messenger\\\\Middleware\\\\FailedMessageProcessingMiddleware\\\";s:4:\\\"type\\\";s:2:\\\"->\\\";s:8:\\\"function\\\";s:6:\\\"handle\\\";s:4:\\\"file\\\";s:96:\\\"C:\\\\Users\\\\dunis\\\\Projet0\\\\vendor\\\\symfony\\\\messenger\\\\Middleware\\\\DispatchAfterCurrentBusMiddleware.php\\\";s:4:\\\"line\\\";i:68;s:4:\\\"args\\\";a:2:{i:0;a:2:{i:0;s:6:\\\"object\\\";i:1;s:36:\\\"Symfony\\\\Component\\\\Messenger\\\\Envelope\\\";}i:1;a:2:{i:0;s:6:\\\"object\\\";i:1;s:53:\\\"Symfony\\\\Component\\\\Messenger\\\\Middleware\\\\TraceableStack\\\";}}}i:14;a:8:{s:9:\\\"namespace\\\";s:38:\\\"Symfony\\\\Component\\\\Messenger\\\\Middleware\\\";s:11:\\\"short_class\\\";s:33:\\\"DispatchAfterCurrentBusMiddleware\\\";s:5:\\\"class\\\";s:72:\\\"Symfony\\\\Component\\\\Messenger\\\\Middleware\\\\DispatchAfterCurrentBusMiddleware\\\";s:4:\\\"type\\\";s:2:\\\"->\\\";s:8:\\\"function\\\";s:6:\\\"handle\\\";s:4:\\\"file\\\";s:97:\\\"C:\\\\Users\\\\dunis\\\\Projet0\\\\vendor\\\\symfony\\\\messenger\\\\Middleware\\\\RejectRedeliveredMessageMiddleware.php\\\";s:4:\\\"line\\\";i:41;s:4:\\\"args\\\";a:2:{i:0;a:2:{i:0;s:6:\\\"object\\\";i:1;s:36:\\\"Symfony\\\\Component\\\\Messenger\\\\Envelope\\\";}i:1;a:2:{i:0;s:6:\\\"object\\\";i:1;s:53:\\\"Symfony\\\\Component\\\\Messenger\\\\Middleware\\\\TraceableStack\\\";}}}i:15;a:8:{s:9:\\\"namespace\\\";s:38:\\\"Symfony\\\\Component\\\\Messenger\\\\Middleware\\\";s:11:\\\"short_class\\\";s:34:\\\"RejectRedeliveredMessageMiddleware\\\";s:5:\\\"class\\\";s:73:\\\"Symfony\\\\Component\\\\Messenger\\\\Middleware\\\\RejectRedeliveredMessageMiddleware\\\";s:4:\\\"type\\\";s:2:\\\"->\\\";s:8:\\\"function\\\";s:6:\\\"handle\\\";s:4:\\\"file\\\";s:88:\\\"C:\\\\Users\\\\dunis\\\\Projet0\\\\vendor\\\\symfony\\\\messenger\\\\Middleware\\\\AddBusNameStampMiddleware.php\\\";s:4:\\\"line\\\";i:35;s:4:\\\"args\\\";a:2:{i:0;a:2:{i:0;s:6:\\\"object\\\";i:1;s:36:\\\"Symfony\\\\Component\\\\Messenger\\\\Envelope\\\";}i:1;a:2:{i:0;s:6:\\\"object\\\";i:1;s:53:\\\"Symfony\\\\Component\\\\Messenger\\\\Middleware\\\\TraceableStack\\\";}}}i:16;a:8:{s:9:\\\"namespace\\\";s:38:\\\"Symfony\\\\Component\\\\Messenger\\\\Middleware\\\";s:11:\\\"short_class\\\";s:25:\\\"AddBusNameStampMiddleware\\\";s:5:\\\"class\\\";s:64:\\\"Symfony\\\\Component\\\\Messenger\\\\Middleware\\\\AddBusNameStampMiddleware\\\";s:4:\\\"type\\\";s:2:\\\"->\\\";s:8:\\\"function\\\";s:6:\\\"handle\\\";s:4:\\\"file\\\";s:82:\\\"C:\\\\Users\\\\dunis\\\\Projet0\\\\vendor\\\\symfony\\\\messenger\\\\Middleware\\\\TraceableMiddleware.php\\\";s:4:\\\"line\\\";i:36;s:4:\\\"args\\\";a:2:{i:0;a:2:{i:0;s:6:\\\"object\\\";i:1;s:36:\\\"Symfony\\\\Component\\\\Messenger\\\\Envelope\\\";}i:1;a:2:{i:0;s:6:\\\"object\\\";i:1;s:53:\\\"Symfony\\\\Component\\\\Messenger\\\\Middleware\\\\TraceableStack\\\";}}}i:17;a:8:{s:9:\\\"namespace\\\";s:38:\\\"Symfony\\\\Component\\\\Messenger\\\\Middleware\\\";s:11:\\\"short_class\\\";s:19:\\\"TraceableMiddleware\\\";s:5:\\\"class\\\";s:58:\\\"Symfony\\\\Component\\\\Messenger\\\\Middleware\\\\TraceableMiddleware\\\";s:4:\\\"type\\\";s:2:\\\"->\\\";s:8:\\\"function\\\";s:6:\\\"handle\\\";s:4:\\\"file\\\";s:62:\\\"C:\\\\Users\\\\dunis\\\\Projet0\\\\vendor\\\\symfony\\\\messenger\\\\MessageBus.php\\\";s:4:\\\"line\\\";i:69;s:4:\\\"args\\\";a:2:{i:0;a:2:{i:0;s:6:\\\"object\\\";i:1;s:36:\\\"Symfony\\\\Component\\\\Messenger\\\\Envelope\\\";}i:1;a:2:{i:0;s:6:\\\"object\\\";i:1;s:53:\\\"Symfony\\\\Component\\\\Messenger\\\\Middleware\\\\TraceableStack\\\";}}}i:18;a:8:{s:9:\\\"namespace\\\";s:27:\\\"Symfony\\\\Component\\\\Messenger\\\";s:11:\\\"short_class\\\";s:10:\\\"MessageBus\\\";s:5:\\\"class\\\";s:38:\\\"Symfony\\\\Component\\\\Messenger\\\\MessageBus\\\";s:4:\\\"type\\\";s:2:\\\"->\\\";s:8:\\\"function\\\";s:8:\\\"dispatch\\\";s:4:\\\"file\\\";s:71:\\\"C:\\\\Users\\\\dunis\\\\Projet0\\\\vendor\\\\symfony\\\\messenger\\\\TraceableMessageBus.php\\\";s:4:\\\"line\\\";i:37;s:4:\\\"args\\\";a:2:{i:0;a:2:{i:0;s:6:\\\"object\\\";i:1;s:36:\\\"Symfony\\\\Component\\\\Messenger\\\\Envelope\\\";}i:1;a:2:{i:0;s:5:\\\"array\\\";i:1;a:0:{}}}}i:19;a:8:{s:9:\\\"namespace\\\";s:27:\\\"Symfony\\\\Component\\\\Messenger\\\";s:11:\\\"short_class\\\";s:19:\\\"TraceableMessageBus\\\";s:5:\\\"class\\\";s:47:\\\"Symfony\\\\Component\\\\Messenger\\\\TraceableMessageBus\\\";s:4:\\\"type\\\";s:2:\\\"->\\\";s:8:\\\"function\\\";s:8:\\\"dispatch\\\";s:4:\\\"file\\\";s:70:\\\"C:\\\\Users\\\\dunis\\\\Projet0\\\\vendor\\\\symfony\\\\messenger\\\\RoutableMessageBus.php\\\";s:4:\\\"line\\\";i:51;s:4:\\\"args\\\";a:2:{i:0;a:2:{i:0;s:6:\\\"object\\\";i:1;s:36:\\\"Symfony\\\\Component\\\\Messenger\\\\Envelope\\\";}i:1;a:2:{i:0;s:5:\\\"array\\\";i:1;a:0:{}}}}i:20;a:8:{s:9:\\\"namespace\\\";s:27:\\\"Symfony\\\\Component\\\\Messenger\\\";s:11:\\\"short_class\\\";s:18:\\\"RoutableMessageBus\\\";s:5:\\\"class\\\";s:46:\\\"Symfony\\\\Component\\\\Messenger\\\\RoutableMessageBus\\\";s:4:\\\"type\\\";s:2:\\\"->\\\";s:8:\\\"function\\\";s:8:\\\"dispatch\\\";s:4:\\\"file\\\";s:58:\\\"C:\\\\Users\\\\dunis\\\\Projet0\\\\vendor\\\\symfony\\\\messenger\\\\Worker.php\\\";s:4:\\\"line\\\";i:170;s:4:\\\"args\\\";a:1:{i:0;a:2:{i:0;s:6:\\\"object\\\";i:1;s:36:\\\"Symfony\\\\Component\\\\Messenger\\\\Envelope\\\";}}}i:21;a:8:{s:9:\\\"namespace\\\";s:27:\\\"Symfony\\\\Component\\\\Messenger\\\";s:11:\\\"short_class\\\";s:6:\\\"Worker\\\";s:5:\\\"class\\\";s:34:\\\"Symfony\\\\Component\\\\Messenger\\\\Worker\\\";s:4:\\\"type\\\";s:2:\\\"->\\\";s:8:\\\"function\\\";s:13:\\\"handleMessage\\\";s:4:\\\"file\\\";s:58:\\\"C:\\\\Users\\\\dunis\\\\Projet0\\\\vendor\\\\symfony\\\\messenger\\\\Worker.php\\\";s:4:\\\"line\\\";i:119;s:4:\\\"args\\\";a:2:{i:0;a:2:{i:0;s:6:\\\"object\\\";i:1;s:36:\\\"Symfony\\\\Component\\\\Messenger\\\\Envelope\\\";}i:1;a:2:{i:0;s:6:\\\"string\\\";i:1;s:5:\\\"async\\\";}}}i:22;a:8:{s:9:\\\"namespace\\\";s:27:\\\"Symfony\\\\Component\\\\Messenger\\\";s:11:\\\"short_class\\\";s:6:\\\"Worker\\\";s:5:\\\"class\\\";s:34:\\\"Symfony\\\\Component\\\\Messenger\\\\Worker\\\";s:4:\\\"type\\\";s:2:\\\"->\\\";s:8:\\\"function\\\";s:3:\\\"run\\\";s:4:\\\"file\\\";s:82:\\\"C:\\\\Users\\\\dunis\\\\Projet0\\\\vendor\\\\symfony\\\\messenger\\\\Command\\\\ConsumeMessagesCommand.php\\\";s:4:\\\"line\\\";i:260;s:4:\\\"args\\\";a:1:{i:0;a:2:{i:0;s:5:\\\"array\\\";i:1;a:1:{s:5:\\\"sleep\\\";a:2:{i:0;s:7:\\\"integer\\\";i:1;i:1000000;}}}}}i:23;a:8:{s:9:\\\"namespace\\\";s:35:\\\"Symfony\\\\Component\\\\Messenger\\\\Command\\\";s:11:\\\"short_class\\\";s:22:\\\"ConsumeMessagesCommand\\\";s:5:\\\"class\\\";s:58:\\\"Symfony\\\\Component\\\\Messenger\\\\Command\\\\ConsumeMessagesCommand\\\";s:4:\\\"type\\\";s:2:\\\"->\\\";s:8:\\\"function\\\";s:7:\\\"execute\\\";s:4:\\\"file\\\";s:65:\\\"C:\\\\Users\\\\dunis\\\\Projet0\\\\vendor\\\\symfony\\\\console\\\\Command\\\\Command.php\\\";s:4:\\\"line\\\";i:279;s:4:\\\"args\\\";a:2:{i:0;a:2:{i:0;s:6:\\\"object\\\";i:1;s:41:\\\"Symfony\\\\Component\\\\Console\\\\Input\\\\ArgvInput\\\";}i:1;a:2:{i:0;s:6:\\\"object\\\";i:1;s:46:\\\"Symfony\\\\Component\\\\Console\\\\Output\\\\ConsoleOutput\\\";}}}i:24;a:8:{s:9:\\\"namespace\\\";s:33:\\\"Symfony\\\\Component\\\\Console\\\\Command\\\";s:11:\\\"short_class\\\";s:7:\\\"Command\\\";s:5:\\\"class\\\";s:41:\\\"Symfony\\\\Component\\\\Console\\\\Command\\\\Command\\\";s:4:\\\"type\\\";s:2:\\\"->\\\";s:8:\\\"function\\\";s:3:\\\"run\\\";s:4:\\\"file\\\";s:61:\\\"C:\\\\Users\\\\dunis\\\\Projet0\\\\vendor\\\\symfony\\\\console\\\\Application.php\\\";s:4:\\\"line\\\";i:1094;s:4:\\\"args\\\";a:2:{i:0;a:2:{i:0;s:6:\\\"object\\\";i:1;s:41:\\\"Symfony\\\\Component\\\\Console\\\\Input\\\\ArgvInput\\\";}i:1;a:2:{i:0;s:6:\\\"object\\\";i:1;s:46:\\\"Symfony\\\\Component\\\\Console\\\\Output\\\\ConsoleOutput\\\";}}}i:25;a:8:{s:9:\\\"namespace\\\";s:25:\\\"Symfony\\\\Component\\\\Console\\\";s:11:\\\"short_class\\\";s:11:\\\"Application\\\";s:5:\\\"class\\\";s:37:\\\"Symfony\\\\Component\\\\Console\\\\Application\\\";s:4:\\\"type\\\";s:2:\\\"->\\\";s:8:\\\"function\\\";s:12:\\\"doRunCommand\\\";s:4:\\\"file\\\";s:78:\\\"C:\\\\Users\\\\dunis\\\\Projet0\\\\vendor\\\\symfony\\\\framework-bundle\\\\Console\\\\Application.php\\\";s:4:\\\"line\\\";i:123;s:4:\\\"args\\\";a:3:{i:0;a:2:{i:0;s:6:\\\"object\\\";i:1;s:58:\\\"Symfony\\\\Component\\\\Messenger\\\\Command\\\\ConsumeMessagesCommand\\\";}i:1;a:2:{i:0;s:6:\\\"object\\\";i:1;s:41:\\\"Symfony\\\\Component\\\\Console\\\\Input\\\\ArgvInput\\\";}i:2;a:2:{i:0;s:6:\\\"object\\\";i:1;s:46:\\\"Symfony\\\\Component\\\\Console\\\\Output\\\\ConsoleOutput\\\";}}}i:26;a:8:{s:9:\\\"namespace\\\";s:38:\\\"Symfony\\\\Bundle\\\\FrameworkBundle\\\\Console\\\";s:11:\\\"short_class\\\";s:11:\\\"Application\\\";s:5:\\\"class\\\";s:50:\\\"Symfony\\\\Bundle\\\\FrameworkBundle\\\\Console\\\\Application\\\";s:4:\\\"type\\\";s:2:\\\"->\\\";s:8:\\\"function\\\";s:12:\\\"doRunCommand\\\";s:4:\\\"file\\\";s:61:\\\"C:\\\\Users\\\\dunis\\\\Projet0\\\\vendor\\\\symfony\\\\console\\\\Application.php\\\";s:4:\\\"line\\\";i:342;s:4:\\\"args\\\";a:3:{i:0;a:2:{i:0;s:6:\\\"object\\\";i:1;s:58:\\\"Symfony\\\\Component\\\\Messenger\\\\Command\\\\ConsumeMessagesCommand\\\";}i:1;a:2:{i:0;s:6:\\\"object\\\";i:1;s:41:\\\"Symfony\\\\Component\\\\Console\\\\Input\\\\ArgvInput\\\";}i:2;a:2:{i:0;s:6:\\\"object\\\";i:1;s:46:\\\"Symfony\\\\Component\\\\Console\\\\Output\\\\ConsoleOutput\\\";}}}i:27;a:8:{s:9:\\\"namespace\\\";s:25:\\\"Symfony\\\\Component\\\\Console\\\";s:11:\\\"short_class\\\";s:11:\\\"Application\\\";s:5:\\\"class\\\";s:37:\\\"Symfony\\\\Component\\\\Console\\\\Application\\\";s:4:\\\"type\\\";s:2:\\\"->\\\";s:8:\\\"function\\\";s:5:\\\"doRun\\\";s:4:\\\"file\\\";s:78:\\\"C:\\\\Users\\\\dunis\\\\Projet0\\\\vendor\\\\symfony\\\\framework-bundle\\\\Console\\\\Application.php\\\";s:4:\\\"line\\\";i:77;s:4:\\\"args\\\";a:2:{i:0;a:2:{i:0;s:6:\\\"object\\\";i:1;s:41:\\\"Symfony\\\\Component\\\\Console\\\\Input\\\\ArgvInput\\\";}i:1;a:2:{i:0;s:6:\\\"object\\\";i:1;s:46:\\\"Symfony\\\\Component\\\\Console\\\\Output\\\\ConsoleOutput\\\";}}}i:28;a:8:{s:9:\\\"namespace\\\";s:38:\\\"Symfony\\\\Bundle\\\\FrameworkBundle\\\\Console\\\";s:11:\\\"short_class\\\";s:11:\\\"Application\\\";s:5:\\\"class\\\";s:50:\\\"Symfony\\\\Bundle\\\\FrameworkBundle\\\\Console\\\\Application\\\";s:4:\\\"type\\\";s:2:\\\"->\\\";s:8:\\\"function\\\";s:5:\\\"doRun\\\";s:4:\\\"file\\\";s:61:\\\"C:\\\\Users\\\\dunis\\\\Projet0\\\\vendor\\\\symfony\\\\console\\\\Application.php\\\";s:4:\\\"line\\\";i:193;s:4:\\\"args\\\";a:2:{i:0;a:2:{i:0;s:6:\\\"object\\\";i:1;s:41:\\\"Symfony\\\\Component\\\\Console\\\\Input\\\\ArgvInput\\\";}i:1;a:2:{i:0;s:6:\\\"object\\\";i:1;s:46:\\\"Symfony\\\\Component\\\\Console\\\\Output\\\\ConsoleOutput\\\";}}}i:29;a:8:{s:9:\\\"namespace\\\";s:25:\\\"Symfony\\\\Component\\\\Console\\\";s:11:\\\"short_class\\\";s:11:\\\"Application\\\";s:5:\\\"class\\\";s:37:\\\"Symfony\\\\Component\\\\Console\\\\Application\\\";s:4:\\\"type\\\";s:2:\\\"->\\\";s:8:\\\"function\\\";s:3:\\\"run\\\";s:4:\\\"file\\\";s:89:\\\"C:\\\\Users\\\\dunis\\\\Projet0\\\\vendor\\\\symfony\\\\runtime\\\\Runner\\\\Symfony\\\\ConsoleApplicationRunner.php\\\";s:4:\\\"line\\\";i:49;s:4:\\\"args\\\";a:2:{i:0;a:2:{i:0;s:6:\\\"object\\\";i:1;s:41:\\\"Symfony\\\\Component\\\\Console\\\\Input\\\\ArgvInput\\\";}i:1;a:2:{i:0;s:6:\\\"object\\\";i:1;s:46:\\\"Symfony\\\\Component\\\\Console\\\\Output\\\\ConsoleOutput\\\";}}}i:30;a:8:{s:9:\\\"namespace\\\";s:40:\\\"Symfony\\\\Component\\\\Runtime\\\\Runner\\\\Symfony\\\";s:11:\\\"short_class\\\";s:24:\\\"ConsoleApplicationRunner\\\";s:5:\\\"class\\\";s:65:\\\"Symfony\\\\Component\\\\Runtime\\\\Runner\\\\Symfony\\\\ConsoleApplicationRunner\\\";s:4:\\\"type\\\";s:2:\\\"->\\\";s:8:\\\"function\\\";s:3:\\\"run\\\";s:4:\\\"file\\\";s:50:\\\"C:\\\\Users\\\\dunis\\\\Projet0\\\\vendor\\\\autoload_runtime.php\\\";s:4:\\\"line\\\";i:29;s:4:\\\"args\\\";a:0:{}}i:31;a:8:{s:9:\\\"namespace\\\";s:0:\\\"\\\";s:11:\\\"short_class\\\";s:0:\\\"\\\";s:5:\\\"class\\\";s:0:\\\"\\\";s:4:\\\"type\\\";s:0:\\\"\\\";s:8:\\\"function\\\";s:12:\\\"require_once\\\";s:4:\\\"file\\\";s:34:\\\"C:\\\\Users\\\\dunis\\\\Projet0\\\\bin\\\\console\\\";s:4:\\\"line\\\";i:15;s:4:\\\"args\\\";a:1:{i:0;a:2:{i:0;s:6:\\\"string\\\";i:1;s:50:\\\"C:\\\\Users\\\\dunis\\\\Projet0\\\\vendor\\\\autoload_runtime.php\\\";}}}}s:72:\\\"\\0Symfony\\\\Component\\\\ErrorHandler\\\\Exception\\\\FlattenException\\0traceAsString\\\";s:6856:\\\"#0 [internal function]: Symfony\\\\Component\\\\Mailer\\\\Transport\\\\Smtp\\\\Stream\\\\SocketStream->Symfony\\\\Component\\\\Mailer\\\\Transport\\\\Smtp\\\\Stream\\\\{closure}(2, \\\'stream_socket_c...\\\', \\\'C:\\\\\\\\Users\\\\\\\\dunis\\\\\\\\...\\\', 157)\n#1 C:\\\\Users\\\\dunis\\\\Projet0\\\\vendor\\\\symfony\\\\mailer\\\\Transport\\\\Smtp\\\\Stream\\\\SocketStream.php(157): stream_socket_client(\\\'sandbox.smtp.ma...\\\', 0, \\\'\\\', 60.0, 4, Resource id #1039)\n#2 C:\\\\Users\\\\dunis\\\\Projet0\\\\vendor\\\\symfony\\\\mailer\\\\Transport\\\\Smtp\\\\SmtpTransport.php(279): Symfony\\\\Component\\\\Mailer\\\\Transport\\\\Smtp\\\\Stream\\\\SocketStream->initialize()\n#3 C:\\\\Users\\\\dunis\\\\Projet0\\\\vendor\\\\symfony\\\\mailer\\\\Transport\\\\Smtp\\\\SmtpTransport.php(211): Symfony\\\\Component\\\\Mailer\\\\Transport\\\\Smtp\\\\SmtpTransport->start()\n#4 C:\\\\Users\\\\dunis\\\\Projet0\\\\vendor\\\\symfony\\\\mailer\\\\Transport\\\\AbstractTransport.php(90): Symfony\\\\Component\\\\Mailer\\\\Transport\\\\Smtp\\\\SmtpTransport->doSend(Object(Symfony\\\\Component\\\\Mailer\\\\SentMessage))\n#5 C:\\\\Users\\\\dunis\\\\Projet0\\\\vendor\\\\symfony\\\\mailer\\\\Transport\\\\Smtp\\\\SmtpTransport.php(138): Symfony\\\\Component\\\\Mailer\\\\Transport\\\\AbstractTransport->send(Object(Symfony\\\\Bridge\\\\Twig\\\\Mime\\\\TemplatedEmail), Object(Symfony\\\\Component\\\\Mailer\\\\DelayedEnvelope))\n#6 C:\\\\Users\\\\dunis\\\\Projet0\\\\vendor\\\\symfony\\\\mailer\\\\Transport\\\\Transports.php(51): Symfony\\\\Component\\\\Mailer\\\\Transport\\\\Smtp\\\\SmtpTransport->send(Object(Symfony\\\\Bridge\\\\Twig\\\\Mime\\\\TemplatedEmail), NULL)\n#7 C:\\\\Users\\\\dunis\\\\Projet0\\\\vendor\\\\symfony\\\\mailer\\\\Messenger\\\\MessageHandler.php(29): Symfony\\\\Component\\\\Mailer\\\\Transport\\\\Transports->send(Object(Symfony\\\\Bridge\\\\Twig\\\\Mime\\\\TemplatedEmail), NULL)\n#8 C:\\\\Users\\\\dunis\\\\Projet0\\\\vendor\\\\symfony\\\\messenger\\\\Middleware\\\\HandleMessageMiddleware.php(152): Symfony\\\\Component\\\\Mailer\\\\Messenger\\\\MessageHandler->__invoke(Object(Symfony\\\\Component\\\\Mailer\\\\Messenger\\\\SendEmailMessage))\n#9 C:\\\\Users\\\\dunis\\\\Projet0\\\\vendor\\\\symfony\\\\messenger\\\\Middleware\\\\HandleMessageMiddleware.php(91): Symfony\\\\Component\\\\Messenger\\\\Middleware\\\\HandleMessageMiddleware->callHandler(Object(Closure), Object(Symfony\\\\Component\\\\Mailer\\\\Messenger\\\\SendEmailMessage), NULL, NULL)\n#10 C:\\\\Users\\\\dunis\\\\Projet0\\\\vendor\\\\symfony\\\\messenger\\\\Middleware\\\\SendMessageMiddleware.php(71): Symfony\\\\Component\\\\Messenger\\\\Middleware\\\\HandleMessageMiddleware->handle(Object(Symfony\\\\Component\\\\Messenger\\\\Envelope), Object(Symfony\\\\Component\\\\Messenger\\\\Middleware\\\\TraceableStack))\n#11 C:\\\\Users\\\\dunis\\\\Projet0\\\\vendor\\\\symfony\\\\messenger\\\\Middleware\\\\FailedMessageProcessingMiddleware.php(34): Symfony\\\\Component\\\\Messenger\\\\Middleware\\\\SendMessageMiddleware->handle(Object(Symfony\\\\Component\\\\Messenger\\\\Envelope), Object(Symfony\\\\Component\\\\Messenger\\\\Middleware\\\\TraceableStack))\n#12 C:\\\\Users\\\\dunis\\\\Projet0\\\\vendor\\\\symfony\\\\messenger\\\\Middleware\\\\DispatchAfterCurrentBusMiddleware.php(68): Symfony\\\\Component\\\\Messenger\\\\Middleware\\\\FailedMessageProcessingMiddleware->handle(Object(Symfony\\\\Component\\\\Messenger\\\\Envelope), Object(Symfony\\\\Component\\\\Messenger\\\\Middleware\\\\TraceableStack))\n#13 C:\\\\Users\\\\dunis\\\\Projet0\\\\vendor\\\\symfony\\\\messenger\\\\Middleware\\\\RejectRedeliveredMessageMiddleware.php(41): Symfony\\\\Component\\\\Messenger\\\\Middleware\\\\DispatchAfterCurrentBusMiddleware->handle(Object(Symfony\\\\Component\\\\Messenger\\\\Envelope), Object(Symfony\\\\Component\\\\Messenger\\\\Middleware\\\\TraceableStack))\n#14 C:\\\\Users\\\\dunis\\\\Projet0\\\\vendor\\\\symfony\\\\messenger\\\\Middleware\\\\AddBusNameStampMiddleware.php(35): Symfony\\\\Component\\\\Messenger\\\\Middleware\\\\RejectRedeliveredMessageMiddleware->handle(Object(Symfony\\\\Component\\\\Messenger\\\\Envelope), Object(Symfony\\\\Component\\\\Messenger\\\\Middleware\\\\TraceableStack))\n#15 C:\\\\Users\\\\dunis\\\\Projet0\\\\vendor\\\\symfony\\\\messenger\\\\Middleware\\\\TraceableMiddleware.php(36): Symfony\\\\Component\\\\Messenger\\\\Middleware\\\\AddBusNameStampMiddleware->handle(Object(Symfony\\\\Component\\\\Messenger\\\\Envelope), Object(Symfony\\\\Component\\\\Messenger\\\\Middleware\\\\TraceableStack))\n#16 C:\\\\Users\\\\dunis\\\\Projet0\\\\vendor\\\\symfony\\\\messenger\\\\MessageBus.php(69): Symfony\\\\Component\\\\Messenger\\\\Middleware\\\\TraceableMiddleware->handle(Object(Symfony\\\\Component\\\\Messenger\\\\Envelope), Object(Symfony\\\\Component\\\\Messenger\\\\Middleware\\\\TraceableStack))\n#17 C:\\\\Users\\\\dunis\\\\Projet0\\\\vendor\\\\symfony\\\\messenger\\\\TraceableMessageBus.php(37): Symfony\\\\Component\\\\Messenger\\\\MessageBus->dispatch(Object(Symfony\\\\Component\\\\Messenger\\\\Envelope), Array)\n#18 C:\\\\Users\\\\dunis\\\\Projet0\\\\vendor\\\\symfony\\\\messenger\\\\RoutableMessageBus.php(51): Symfony\\\\Component\\\\Messenger\\\\TraceableMessageBus->dispatch(Object(Symfony\\\\Component\\\\Messenger\\\\Envelope), Array)\n#19 C:\\\\Users\\\\dunis\\\\Projet0\\\\vendor\\\\symfony\\\\messenger\\\\Worker.php(170): Symfony\\\\Component\\\\Messenger\\\\RoutableMessageBus->dispatch(Object(Symfony\\\\Component\\\\Messenger\\\\Envelope))\n#20 C:\\\\Users\\\\dunis\\\\Projet0\\\\vendor\\\\symfony\\\\messenger\\\\Worker.php(119): Symfony\\\\Component\\\\Messenger\\\\Worker->handleMessage(Object(Symfony\\\\Component\\\\Messenger\\\\Envelope), \\\'async\\\')\n#21 C:\\\\Users\\\\dunis\\\\Projet0\\\\vendor\\\\symfony\\\\messenger\\\\Command\\\\ConsumeMessagesCommand.php(260): Symfony\\\\Component\\\\Messenger\\\\Worker->run(Array)\n#22 C:\\\\Users\\\\dunis\\\\Projet0\\\\vendor\\\\symfony\\\\console\\\\Command\\\\Command.php(279): Symfony\\\\Component\\\\Messenger\\\\Command\\\\ConsumeMessagesCommand->execute(Object(Symfony\\\\Component\\\\Console\\\\Input\\\\ArgvInput), Object(Symfony\\\\Component\\\\Console\\\\Output\\\\ConsoleOutput))\n#23 C:\\\\Users\\\\dunis\\\\Projet0\\\\vendor\\\\symfony\\\\console\\\\Application.php(1094): Symfony\\\\Component\\\\Console\\\\Command\\\\Command->run(Object(Symfony\\\\Component\\\\Console\\\\Input\\\\ArgvInput), Object(Symfony\\\\Component\\\\Console\\\\Output\\\\ConsoleOutput))\n#24 C:\\\\Users\\\\dunis\\\\Projet0\\\\vendor\\\\symfony\\\\framework-bundle\\\\Console\\\\Application.php(123): Symfony\\\\Component\\\\Console\\\\Application->doRunCommand(Object(Symfony\\\\Component\\\\Messenger\\\\Command\\\\ConsumeMessagesCommand), Object(Symfony\\\\Component\\\\Console\\\\Input\\\\ArgvInput), Object(Symfony\\\\Component\\\\Console\\\\Output\\\\ConsoleOutput))\n#25 C:\\\\Users\\\\dunis\\\\Projet0\\\\vendor\\\\symfony\\\\console\\\\Application.php(342): Symfony\\\\Bundle\\\\FrameworkBundle\\\\Console\\\\Application->doRunCommand(Object(Symfony\\\\Component\\\\Messenger\\\\Command\\\\ConsumeMessagesCommand), Object(Symfony\\\\Component\\\\Console\\\\Input\\\\ArgvInput), Object(Symfony\\\\Component\\\\Console\\\\Output\\\\ConsoleOutput))\n#26 C:\\\\Users\\\\dunis\\\\Projet0\\\\vendor\\\\symfony\\\\framework-bundle\\\\Console\\\\Application.php(77): Symfony\\\\Component\\\\Console\\\\Application->doRun(Object(Symfony\\\\Component\\\\Console\\\\Input\\\\ArgvInput), Object(Symfony\\\\Component\\\\Console\\\\Output\\\\ConsoleOutput))\n#27 C:\\\\Users\\\\dunis\\\\Projet0\\\\vendor\\\\symfony\\\\console\\\\Application.php(193): Symfony\\\\Bundle\\\\FrameworkBundle\\\\Console\\\\Application->doRun(Object(Symfony\\\\Component\\\\Console\\\\Input\\\\ArgvInput), Object(Symfony\\\\Component\\\\Console\\\\Output\\\\ConsoleOutput))\n#28 C:\\\\Users\\\\dunis\\\\Projet0\\\\vendor\\\\symfony\\\\runtime\\\\Runner\\\\Symfony\\\\ConsoleApplicationRunner.php(49): Symfony\\\\Component\\\\Console\\\\Application->run(Object(Symfony\\\\Component\\\\Console\\\\Input\\\\ArgvInput), Object(Symfony\\\\Component\\\\Console\\\\Output\\\\ConsoleOutput))\n#29 C:\\\\Users\\\\dunis\\\\Projet0\\\\vendor\\\\autoload_runtime.php(29): Symfony\\\\Component\\\\Runtime\\\\Runner\\\\Symfony\\\\ConsoleApplicationRunner->run()\n#30 C:\\\\Users\\\\dunis\\\\Projet0\\\\bin\\\\console(15): require_once(\\\'C:\\\\\\\\Users\\\\\\\\dunis\\\\\\\\...\\\')\n#31 {main}\\\";s:64:\\\"\\0Symfony\\\\Component\\\\ErrorHandler\\\\Exception\\\\FlattenException\\0class\\\";s:53:\\\"Symfony\\\\Component\\\\Mailer\\\\Exception\\\\TransportException\\\";s:69:\\\"\\0Symfony\\\\Component\\\\ErrorHandler\\\\Exception\\\\FlattenException\\0statusCode\\\";i:500;s:69:\\\"\\0Symfony\\\\Component\\\\ErrorHandler\\\\Exception\\\\FlattenException\\0statusText\\\";s:21:\\\"Internal Server Error\\\";s:66:\\\"\\0Symfony\\\\Component\\\\ErrorHandler\\\\Exception\\\\FlattenException\\0headers\\\";a:0:{}s:63:\\\"\\0Symfony\\\\Component\\\\ErrorHandler\\\\Exception\\\\FlattenException\\0file\\\";s:83:\\\"C:\\\\Users\\\\dunis\\\\Projet0\\\\vendor\\\\symfony\\\\mailer\\\\Transport\\\\Smtp\\\\Stream\\\\SocketStream.php\\\";s:63:\\\"\\0Symfony\\\\Component\\\\ErrorHandler\\\\Exception\\\\FlattenException\\0line\\\";i:154;s:67:\\\"\\0Symfony\\\\Component\\\\ErrorHandler\\\\Exception\\\\FlattenException\\0asString\\\";N;}}}s:44:\\\"Symfony\\\\Component\\\\Messenger\\\\Stamp\\\\DelayStamp\\\";a:4:{i:0;O:44:\\\"Symfony\\\\Component\\\\Messenger\\\\Stamp\\\\DelayStamp\\\":1:{s:51:\\\"\\0Symfony\\\\Component\\\\Messenger\\\\Stamp\\\\DelayStamp\\0delay\\\";i:1055;}i:1;O:44:\\\"Symfony\\\\Component\\\\Messenger\\\\Stamp\\\\DelayStamp\\\":1:{s:51:\\\"\\0Symfony\\\\Component\\\\Messenger\\\\Stamp\\\\DelayStamp\\0delay\\\";i:1947;}i:2;O:44:\\\"Symfony\\\\Component\\\\Messenger\\\\Stamp\\\\DelayStamp\\\":1:{s:51:\\\"\\0Symfony\\\\Component\\\\Messenger\\\\Stamp\\\\DelayStamp\\0delay\\\";i:3989;}i:3;O:44:\\\"Symfony\\\\Component\\\\Messenger\\\\Stamp\\\\DelayStamp\\\":1:{s:51:\\\"\\0Symfony\\\\Component\\\\Messenger\\\\Stamp\\\\DelayStamp\\0delay\\\";i:0;}}s:49:\\\"Symfony\\\\Component\\\\Messenger\\\\Stamp\\\\RedeliveryStamp\\\";a:4:{i:0;O:49:\\\"Symfony\\\\Component\\\\Messenger\\\\Stamp\\\\RedeliveryStamp\\\":2:{s:64:\\\"\\0Symfony\\\\Component\\\\Messenger\\\\Stamp\\\\RedeliveryStamp\\0redeliveredAt\\\";O:17:\\\"DateTimeImmutable\\\":3:{s:4:\\\"date\\\";s:26:\\\"2025-05-22 14:56:36.104003\\\";s:13:\\\"timezone_type\\\";i:3;s:8:\\\"timezone\\\";s:13:\\\"Europe/Berlin\\\";}s:61:\\\"\\0Symfony\\\\Component\\\\Messenger\\\\Stamp\\\\RedeliveryStamp\\0retryCount\\\";i:1;}i:1;O:49:\\\"Symfony\\\\Component\\\\Messenger\\\\Stamp\\\\RedeliveryStamp\\\":2:{s:64:\\\"\\0Symfony\\\\Component\\\\Messenger\\\\Stamp\\\\RedeliveryStamp\\0redeliveredAt\\\";O:17:\\\"DateTimeImmutable\\\":3:{s:4:\\\"date\\\";s:26:\\\"2025-05-22 14:59:36.545538\\\";s:13:\\\"timezone_type\\\";i:3;s:8:\\\"timezone\\\";s:13:\\\"Europe/Berlin\\\";}s:61:\\\"\\0Symfony\\\\Component\\\\Messenger\\\\Stamp\\\\RedeliveryStamp\\0retryCount\\\";i:2;}i:2;O:49:\\\"Symfony\\\\Component\\\\Messenger\\\\Stamp\\\\RedeliveryStamp\\\":2:{s:64:\\\"\\0Symfony\\\\Component\\\\Messenger\\\\Stamp\\\\RedeliveryStamp\\0redeliveredAt\\\";O:17:\\\"DateTimeImmutable\\\":3:{s:4:\\\"date\\\";s:26:\\\"2025-05-22 15:02:36.841790\\\";s:13:\\\"timezone_type\\\";i:3;s:8:\\\"timezone\\\";s:13:\\\"Europe/Berlin\\\";}s:61:\\\"\\0Symfony\\\\Component\\\\Messenger\\\\Stamp\\\\RedeliveryStamp\\0retryCount\\\";i:3;}i:3;O:49:\\\"Symfony\\\\Component\\\\Messenger\\\\Stamp\\\\RedeliveryStamp\\\":2:{s:64:\\\"\\0Symfony\\\\Component\\\\Messenger\\\\Stamp\\\\RedeliveryStamp\\0redeliveredAt\\\";O:17:\\\"DateTimeImmutable\\\":3:{s:4:\\\"date\\\";s:26:\\\"2025-05-22 15:05:37.527086\\\";s:13:\\\"timezone_type\\\";i:3;s:8:\\\"timezone\\\";s:13:\\\"Europe/Berlin\\\";}s:61:\\\"\\0Symfony\\\\Component\\\\Messenger\\\\Stamp\\\\RedeliveryStamp\\0retryCount\\\";i:0;}}s:57:\\\"Symfony\\\\Component\\\\Messenger\\\\Stamp\\\\TransportMessageIdStamp\\\";a:1:{i:0;O:57:\\\"Symfony\\\\Component\\\\Messenger\\\\Stamp\\\\TransportMessageIdStamp\\\":1:{s:61:\\\"\\0Symfony\\\\Component\\\\Messenger\\\\Stamp\\\\TransportMessageIdStamp\\0id\\\";i:12;}}s:61:\\\"Symfony\\\\Component\\\\Messenger\\\\Stamp\\\\SentToFailureTransportStamp\\\";a:1:{i:0;O:61:\\\"Symfony\\\\Component\\\\Messenger\\\\Stamp\\\\SentToFailureTransportStamp\\\":1:{s:83:\\\"\\0Symfony\\\\Component\\\\Messenger\\\\Stamp\\\\SentToFailureTransportStamp\\0originalReceiverName\\\";s:5:\\\"async\\\";}}}s:45:\\\"\\0Symfony\\\\Component\\\\Messenger\\\\Envelope\\0message\\\";O:51:\\\"Symfony\\\\Component\\\\Mailer\\\\Messenger\\\\SendEmailMessage\\\":2:{s:60:\\\"\\0Symfony\\\\Component\\\\Mailer\\\\Messenger\\\\SendEmailMessage\\0message\\\";O:39:\\\"Symfony\\\\Bridge\\\\Twig\\\\Mime\\\\TemplatedEmail\\\":5:{i:0;s:30:\\\"reset_password/email.html.twig\\\";i:1;N;i:2;a:1:{s:10:\\\"resetToken\\\";O:58:\\\"SymfonyCasts\\\\Bundle\\\\ResetPassword\\\\Model\\\\ResetPasswordToken\\\":4:{s:65:\\\"\\0SymfonyCasts\\\\Bundle\\\\ResetPassword\\\\Model\\\\ResetPasswordToken\\0token\\\";s:40:\\\"sjEf56rP3oYsIH1TOxbUxJcCqzIfWfuCMD4MVTf5\\\";s:69:\\\"\\0SymfonyCasts\\\\Bundle\\\\ResetPassword\\\\Model\\\\ResetPasswordToken\\0expiresAt\\\";O:17:\\\"DateTimeImmutable\\\":3:{s:4:\\\"date\\\";s:26:\\\"2025-05-22 15:52:16.491400\\\";s:13:\\\"timezone_type\\\";i:3;s:8:\\\"timezone\\\";s:13:\\\"Europe/Berlin\\\";}s:71:\\\"\\0SymfonyCasts\\\\Bundle\\\\ResetPassword\\\\Model\\\\ResetPasswordToken\\0generatedAt\\\";i:1747918336;s:73:\\\"\\0SymfonyCasts\\\\Bundle\\\\ResetPassword\\\\Model\\\\ResetPasswordToken\\0transInterval\\\";i:1;}}i:3;a:6:{i:0;N;i:1;N;i:2;N;i:3;N;i:4;a:0:{}i:5;a:2:{i:0;O:37:\\\"Symfony\\\\Component\\\\Mime\\\\Header\\\\Headers\\\":2:{s:46:\\\"\\0Symfony\\\\Component\\\\Mime\\\\Header\\\\Headers\\0headers\\\";a:3:{s:4:\\\"from\\\";a:1:{i:0;O:47:\\\"Symfony\\\\Component\\\\Mime\\\\Header\\\\MailboxListHeader\\\":5:{s:50:\\\"\\0Symfony\\\\Component\\\\Mime\\\\Header\\\\AbstractHeader\\0name\\\";s:4:\\\"From\\\";s:56:\\\"\\0Symfony\\\\Component\\\\Mime\\\\Header\\\\AbstractHeader\\0lineLength\\\";i:76;s:50:\\\"\\0Symfony\\\\Component\\\\Mime\\\\Header\\\\AbstractHeader\\0lang\\\";N;s:53:\\\"\\0Symfony\\\\Component\\\\Mime\\\\Header\\\\AbstractHeader\\0charset\\\";s:5:\\\"utf-8\\\";s:58:\\\"\\0Symfony\\\\Component\\\\Mime\\\\Header\\\\MailboxListHeader\\0addresses\\\";a:1:{i:0;O:30:\\\"Symfony\\\\Component\\\\Mime\\\\Address\\\":2:{s:39:\\\"\\0Symfony\\\\Component\\\\Mime\\\\Address\\0address\\\";s:19:\\\"dunisnoah@gmail.com\\\";s:36:\\\"\\0Symfony\\\\Component\\\\Mime\\\\Address\\0name\\\";s:10:\\\"Noah dunis\\\";}}}}s:2:\\\"to\\\";a:1:{i:0;O:47:\\\"Symfony\\\\Component\\\\Mime\\\\Header\\\\MailboxListHeader\\\":5:{s:50:\\\"\\0Symfony\\\\Component\\\\Mime\\\\Header\\\\AbstractHeader\\0name\\\";s:2:\\\"To\\\";s:56:\\\"\\0Symfony\\\\Component\\\\Mime\\\\Header\\\\AbstractHeader\\0lineLength\\\";i:76;s:50:\\\"\\0Symfony\\\\Component\\\\Mime\\\\Header\\\\AbstractHeader\\0lang\\\";N;s:53:\\\"\\0Symfony\\\\Component\\\\Mime\\\\Header\\\\AbstractHeader\\0charset\\\";s:5:\\\"utf-8\\\";s:58:\\\"\\0Symfony\\\\Component\\\\Mime\\\\Header\\\\MailboxListHeader\\0addresses\\\";a:1:{i:0;O:30:\\\"Symfony\\\\Component\\\\Mime\\\\Address\\\":2:{s:39:\\\"\\0Symfony\\\\Component\\\\Mime\\\\Address\\0address\\\";s:19:\\\"dunisnoah@gmail.com\\\";s:36:\\\"\\0Symfony\\\\Component\\\\Mime\\\\Address\\0name\\\";s:0:\\\"\\\";}}}}s:7:\\\"subject\\\";a:1:{i:0;O:48:\\\"Symfony\\\\Component\\\\Mime\\\\Header\\\\UnstructuredHeader\\\":5:{s:50:\\\"\\0Symfony\\\\Component\\\\Mime\\\\Header\\\\AbstractHeader\\0name\\\";s:7:\\\"Subject\\\";s:56:\\\"\\0Symfony\\\\Component\\\\Mime\\\\Header\\\\AbstractHeader\\0lineLength\\\";i:76;s:50:\\\"\\0Symfony\\\\Component\\\\Mime\\\\Header\\\\AbstractHeader\\0lang\\\";N;s:53:\\\"\\0Symfony\\\\Component\\\\Mime\\\\Header\\\\AbstractHeader\\0charset\\\";s:5:\\\"utf-8\\\";s:55:\\\"\\0Symfony\\\\Component\\\\Mime\\\\Header\\\\UnstructuredHeader\\0value\\\";s:27:\\\"Your password reset request\\\";}}}s:49:\\\"\\0Symfony\\\\Component\\\\Mime\\\\Header\\\\Headers\\0lineLength\\\";i:76;}i:1;N;}}i:4;N;}s:61:\\\"\\0Symfony\\\\Component\\\\Mailer\\\\Messenger\\\\SendEmailMessage\\0envelope\\\";N;}}', '[]', 'failed', '2025-05-22 13:05:37', '2025-05-22 13:05:37', NULL);
INSERT INTO `messenger_messages` (`id`, `body`, `headers`, `queue_name`, `created_at`, `available_at`, `delivered_at`) VALUES
    (16, 'O:36:\\\"Symfony\\\\Component\\\\Messenger\\\\Envelope\\\":2:{s:44:\\\"\\0Symfony\\\\Component\\\\Messenger\\\\Envelope\\0stamps\\\";a:6:{s:46:\\\"Symfony\\\\Component\\\\Messenger\\\\Stamp\\\\BusNameStamp\\\";a:1:{i:0;O:46:\\\"Symfony\\\\Component\\\\Messenger\\\\Stamp\\\\BusNameStamp\\\":1:{s:55:\\\"\\0Symfony\\\\Component\\\\Messenger\\\\Stamp\\\\BusNameStamp\\0busName\\\";s:21:\\\"messenger.bus.default\\\";}}s:51:\\\"Symfony\\\\Component\\\\Messenger\\\\Stamp\\\\ErrorDetailsStamp\\\";a:1:{i:0;O:51:\\\"Symfony\\\\Component\\\\Messenger\\\\Stamp\\\\ErrorDetailsStamp\\\":4:{s:67:\\\"\\0Symfony\\\\Component\\\\Messenger\\\\Stamp\\\\ErrorDetailsStamp\\0exceptionClass\\\";s:53:\\\"Symfony\\\\Component\\\\Mailer\\\\Exception\\\\TransportException\\\";s:66:\\\"\\0Symfony\\\\Component\\\\Messenger\\\\Stamp\\\\ErrorDetailsStamp\\0exceptionCode\\\";i:0;s:69:\\\"\\0Symfony\\\\Component\\\\Messenger\\\\Stamp\\\\ErrorDetailsStamp\\0exceptionMessage\\\";s:366:\\\"Connection could not be established with host \\\"sandbox.smtp.mailtrap.io:2525\\\": stream_socket_client(): Unable to connect to sandbox.smtp.mailtrap.io:2525 (Une tentative de connexion a échoué car le parti connecté n’a pas répondu convenablement au-delà d’une certaine durée ou une connexion établie a échoué car l’hôte de connexion n’a pas répondu)\\\";s:69:\\\"\\0Symfony\\\\Component\\\\Messenger\\\\Stamp\\\\ErrorDetailsStamp\\0flattenException\\\";O:57:\\\"Symfony\\\\Component\\\\ErrorHandler\\\\Exception\\\\FlattenException\\\":12:{s:66:\\\"\\0Symfony\\\\Component\\\\ErrorHandler\\\\Exception\\\\FlattenException\\0message\\\";s:366:\\\"Connection could not be established with host \\\"sandbox.smtp.mailtrap.io:2525\\\": stream_socket_client(): Unable to connect to sandbox.smtp.mailtrap.io:2525 (Une tentative de connexion a échoué car le parti connecté n’a pas répondu convenablement au-delà d’une certaine durée ou une connexion établie a échoué car l’hôte de connexion n’a pas répondu)\\\";s:63:\\\"\\0Symfony\\\\Component\\\\ErrorHandler\\\\Exception\\\\FlattenException\\0code\\\";i:0;s:67:\\\"\\0Symfony\\\\Component\\\\ErrorHandler\\\\Exception\\\\FlattenException\\0previous\\\";N;s:64:\\\"\\0Symfony\\\\Component\\\\ErrorHandler\\\\Exception\\\\FlattenException\\0trace\\\";a:32:{i:0;a:8:{s:9:\\\"namespace\\\";s:0:\\\"\\\";s:11:\\\"short_class\\\";s:0:\\\"\\\";s:5:\\\"class\\\";s:0:\\\"\\\";s:4:\\\"type\\\";s:0:\\\"\\\";s:8:\\\"function\\\";s:0:\\\"\\\";s:4:\\\"file\\\";s:83:\\\"C:\\\\Users\\\\dunis\\\\Projet0\\\\vendor\\\\symfony\\\\mailer\\\\Transport\\\\Smtp\\\\Stream\\\\SocketStream.php\\\";s:4:\\\"line\\\";i:154;s:4:\\\"args\\\";a:0:{}}i:1;a:8:{s:9:\\\"namespace\\\";s:46:\\\"Symfony\\\\Component\\\\Mailer\\\\Transport\\\\Smtp\\\\Stream\\\";s:11:\\\"short_class\\\";s:12:\\\"SocketStream\\\";s:5:\\\"class\\\";s:59:\\\"Symfony\\\\Component\\\\Mailer\\\\Transport\\\\Smtp\\\\Stream\\\\SocketStream\\\";s:4:\\\"type\\\";s:2:\\\"->\\\";s:8:\\\"function\\\";s:56:\\\"Symfony\\\\Component\\\\Mailer\\\\Transport\\\\Smtp\\\\Stream\\\\{closure}\\\";s:4:\\\"file\\\";N;s:4:\\\"line\\\";N;s:4:\\\"args\\\";a:4:{i:0;a:2:{i:0;s:7:\\\"integer\\\";i:1;i:2;}i:1;a:2:{i:0;s:6:\\\"string\\\";i:1;s:287:\\\"stream_socket_client(): Unable to connect to sandbox.smtp.mailtrap.io:2525 (Une tentative de connexion a échoué car le parti connecté n’a pas répondu convenablement au-delà d’une certaine durée ou une connexion établie a échoué car l’hôte de connexion n’a pas répondu)\\\";}i:2;a:2:{i:0;s:6:\\\"string\\\";i:1;s:83:\\\"C:\\\\Users\\\\dunis\\\\Projet0\\\\vendor\\\\symfony\\\\mailer\\\\Transport\\\\Smtp\\\\Stream\\\\SocketStream.php\\\";}i:3;a:2:{i:0;s:7:\\\"integer\\\";i:1;i:157;}}}i:2;a:8:{s:9:\\\"namespace\\\";s:0:\\\"\\\";s:11:\\\"short_class\\\";s:0:\\\"\\\";s:5:\\\"class\\\";s:0:\\\"\\\";s:4:\\\"type\\\";s:0:\\\"\\\";s:8:\\\"function\\\";s:20:\\\"stream_socket_client\\\";s:4:\\\"file\\\";s:83:\\\"C:\\\\Users\\\\dunis\\\\Projet0\\\\vendor\\\\symfony\\\\mailer\\\\Transport\\\\Smtp\\\\Stream\\\\SocketStream.php\\\";s:4:\\\"line\\\";i:157;s:4:\\\"args\\\";a:6:{i:0;a:2:{i:0;s:6:\\\"string\\\";i:1;s:29:\\\"sandbox.smtp.mailtrap.io:2525\\\";}i:1;a:2:{i:0;s:7:\\\"integer\\\";i:1;i:0;}i:2;a:2:{i:0;s:6:\\\"string\\\";i:1;s:0:\\\"\\\";}i:3;a:2:{i:0;s:5:\\\"float\\\";i:1;d:60;}i:4;a:2:{i:0;s:7:\\\"integer\\\";i:1;i:4;}i:5;a:2:{i:0;s:8:\\\"resource\\\";i:1;s:14:\\\"stream-context\\\";}}}i:3;a:8:{s:9:\\\"namespace\\\";s:46:\\\"Symfony\\\\Component\\\\Mailer\\\\Transport\\\\Smtp\\\\Stream\\\";s:11:\\\"short_class\\\";s:12:\\\"SocketStream\\\";s:5:\\\"class\\\";s:59:\\\"Symfony\\\\Component\\\\Mailer\\\\Transport\\\\Smtp\\\\Stream\\\\SocketStream\\\";s:4:\\\"type\\\";s:2:\\\"->\\\";s:8:\\\"function\\\";s:10:\\\"initialize\\\";s:4:\\\"file\\\";s:77:\\\"C:\\\\Users\\\\dunis\\\\Projet0\\\\vendor\\\\symfony\\\\mailer\\\\Transport\\\\Smtp\\\\SmtpTransport.php\\\";s:4:\\\"line\\\";i:279;s:4:\\\"args\\\";a:0:{}}i:4;a:8:{s:9:\\\"namespace\\\";s:39:\\\"Symfony\\\\Component\\\\Mailer\\\\Transport\\\\Smtp\\\";s:11:\\\"short_class\\\";s:13:\\\"SmtpTransport\\\";s:5:\\\"class\\\";s:53:\\\"Symfony\\\\Component\\\\Mailer\\\\Transport\\\\Smtp\\\\SmtpTransport\\\";s:4:\\\"type\\\";s:2:\\\"->\\\";s:8:\\\"function\\\";s:5:\\\"start\\\";s:4:\\\"file\\\";s:77:\\\"C:\\\\Users\\\\dunis\\\\Projet0\\\\vendor\\\\symfony\\\\mailer\\\\Transport\\\\Smtp\\\\SmtpTransport.php\\\";s:4:\\\"line\\\";i:211;s:4:\\\"args\\\";a:0:{}}i:5;a:8:{s:9:\\\"namespace\\\";s:39:\\\"Symfony\\\\Component\\\\Mailer\\\\Transport\\\\Smtp\\\";s:11:\\\"short_class\\\";s:13:\\\"SmtpTransport\\\";s:5:\\\"class\\\";s:53:\\\"Symfony\\\\Component\\\\Mailer\\\\Transport\\\\Smtp\\\\SmtpTransport\\\";s:4:\\\"type\\\";s:2:\\\"->\\\";s:8:\\\"function\\\";s:6:\\\"doSend\\\";s:4:\\\"file\\\";s:76:\\\"C:\\\\Users\\\\dunis\\\\Projet0\\\\vendor\\\\symfony\\\\mailer\\\\Transport\\\\AbstractTransport.php\\\";s:4:\\\"line\\\";i:90;s:4:\\\"args\\\";a:1:{i:0;a:2:{i:0;s:6:\\\"object\\\";i:1;s:36:\\\"Symfony\\\\Component\\\\Mailer\\\\SentMessage\\\";}}}i:6;a:8:{s:9:\\\"namespace\\\";s:34:\\\"Symfony\\\\Component\\\\Mailer\\\\Transport\\\";s:11:\\\"short_class\\\";s:17:\\\"AbstractTransport\\\";s:5:\\\"class\\\";s:52:\\\"Symfony\\\\Component\\\\Mailer\\\\Transport\\\\AbstractTransport\\\";s:4:\\\"type\\\";s:2:\\\"->\\\";s:8:\\\"function\\\";s:4:\\\"send\\\";s:4:\\\"file\\\";s:77:\\\"C:\\\\Users\\\\dunis\\\\Projet0\\\\vendor\\\\symfony\\\\mailer\\\\Transport\\\\Smtp\\\\SmtpTransport.php\\\";s:4:\\\"line\\\";i:138;s:4:\\\"args\\\";a:2:{i:0;a:2:{i:0;s:6:\\\"object\\\";i:1;s:39:\\\"Symfony\\\\Bridge\\\\Twig\\\\Mime\\\\TemplatedEmail\\\";}i:1;a:2:{i:0;s:6:\\\"object\\\";i:1;s:40:\\\"Symfony\\\\Component\\\\Mailer\\\\DelayedEnvelope\\\";}}}i:7;a:8:{s:9:\\\"namespace\\\";s:39:\\\"Symfony\\\\Component\\\\Mailer\\\\Transport\\\\Smtp\\\";s:11:\\\"short_class\\\";s:13:\\\"SmtpTransport\\\";s:5:\\\"class\\\";s:53:\\\"Symfony\\\\Component\\\\Mailer\\\\Transport\\\\Smtp\\\\SmtpTransport\\\";s:4:\\\"type\\\";s:2:\\\"->\\\";s:8:\\\"function\\\";s:4:\\\"send\\\";s:4:\\\"file\\\";s:69:\\\"C:\\\\Users\\\\dunis\\\\Projet0\\\\vendor\\\\symfony\\\\mailer\\\\Transport\\\\Transports.php\\\";s:4:\\\"line\\\";i:51;s:4:\\\"args\\\";a:2:{i:0;a:2:{i:0;s:6:\\\"object\\\";i:1;s:39:\\\"Symfony\\\\Bridge\\\\Twig\\\\Mime\\\\TemplatedEmail\\\";}i:1;a:2:{i:0;s:4:\\\"null\\\";i:1;N;}}}i:8;a:8:{s:9:\\\"namespace\\\";s:34:\\\"Symfony\\\\Component\\\\Mailer\\\\Transport\\\";s:11:\\\"short_class\\\";s:10:\\\"Transports\\\";s:5:\\\"class\\\";s:45:\\\"Symfony\\\\Component\\\\Mailer\\\\Transport\\\\Transports\\\";s:4:\\\"type\\\";s:2:\\\"->\\\";s:8:\\\"function\\\";s:4:\\\"send\\\";s:4:\\\"file\\\";s:73:\\\"C:\\\\Users\\\\dunis\\\\Projet0\\\\vendor\\\\symfony\\\\mailer\\\\Messenger\\\\MessageHandler.php\\\";s:4:\\\"line\\\";i:29;s:4:\\\"args\\\";a:2:{i:0;a:2:{i:0;s:6:\\\"object\\\";i:1;s:39:\\\"Symfony\\\\Bridge\\\\Twig\\\\Mime\\\\TemplatedEmail\\\";}i:1;a:2:{i:0;s:4:\\\"null\\\";i:1;N;}}}i:9;a:8:{s:9:\\\"namespace\\\";s:34:\\\"Symfony\\\\Component\\\\Mailer\\\\Messenger\\\";s:11:\\\"short_class\\\";s:14:\\\"MessageHandler\\\";s:5:\\\"class\\\";s:49:\\\"Symfony\\\\Component\\\\Mailer\\\\Messenger\\\\MessageHandler\\\";s:4:\\\"type\\\";s:2:\\\"->\\\";s:8:\\\"function\\\";s:8:\\\"__invoke\\\";s:4:\\\"file\\\";s:86:\\\"C:\\\\Users\\\\dunis\\\\Projet0\\\\vendor\\\\symfony\\\\messenger\\\\Middleware\\\\HandleMessageMiddleware.php\\\";s:4:\\\"line\\\";i:152;s:4:\\\"args\\\";a:1:{i:0;a:2:{i:0;s:6:\\\"object\\\";i:1;s:51:\\\"Symfony\\\\Component\\\\Mailer\\\\Messenger\\\\SendEmailMessage\\\";}}}i:10;a:8:{s:9:\\\"namespace\\\";s:38:\\\"Symfony\\\\Component\\\\Messenger\\\\Middleware\\\";s:11:\\\"short_class\\\";s:23:\\\"HandleMessageMiddleware\\\";s:5:\\\"class\\\";s:62:\\\"Symfony\\\\Component\\\\Messenger\\\\Middleware\\\\HandleMessageMiddleware\\\";s:4:\\\"type\\\";s:2:\\\"->\\\";s:8:\\\"function\\\";s:11:\\\"callHandler\\\";s:4:\\\"file\\\";s:86:\\\"C:\\\\Users\\\\dunis\\\\Projet0\\\\vendor\\\\symfony\\\\messenger\\\\Middleware\\\\HandleMessageMiddleware.php\\\";s:4:\\\"line\\\";i:91;s:4:\\\"args\\\";a:4:{i:0;a:2:{i:0;s:6:\\\"object\\\";i:1;s:7:\\\"Closure\\\";}i:1;a:2:{i:0;s:6:\\\"object\\\";i:1;s:51:\\\"Symfony\\\\Component\\\\Mailer\\\\Messenger\\\\SendEmailMessage\\\";}i:2;a:2:{i:0;s:4:\\\"null\\\";i:1;N;}i:3;a:2:{i:0;s:4:\\\"null\\\";i:1;N;}}}i:11;a:8:{s:9:\\\"namespace\\\";s:38:\\\"Symfony\\\\Component\\\\Messenger\\\\Middleware\\\";s:11:\\\"short_class\\\";s:23:\\\"HandleMessageMiddleware\\\";s:5:\\\"class\\\";s:62:\\\"Symfony\\\\Component\\\\Messenger\\\\Middleware\\\\HandleMessageMiddleware\\\";s:4:\\\"type\\\";s:2:\\\"->\\\";s:8:\\\"function\\\";s:6:\\\"handle\\\";s:4:\\\"file\\\";s:84:\\\"C:\\\\Users\\\\dunis\\\\Projet0\\\\vendor\\\\symfony\\\\messenger\\\\Middleware\\\\SendMessageMiddleware.php\\\";s:4:\\\"line\\\";i:71;s:4:\\\"args\\\";a:2:{i:0;a:2:{i:0;s:6:\\\"object\\\";i:1;s:36:\\\"Symfony\\\\Component\\\\Messenger\\\\Envelope\\\";}i:1;a:2:{i:0;s:6:\\\"object\\\";i:1;s:53:\\\"Symfony\\\\Component\\\\Messenger\\\\Middleware\\\\TraceableStack\\\";}}}i:12;a:8:{s:9:\\\"namespace\\\";s:38:\\\"Symfony\\\\Component\\\\Messenger\\\\Middleware\\\";s:11:\\\"short_class\\\";s:21:\\\"SendMessageMiddleware\\\";s:5:\\\"class\\\";s:60:\\\"Symfony\\\\Component\\\\Messenger\\\\Middleware\\\\SendMessageMiddleware\\\";s:4:\\\"type\\\";s:2:\\\"->\\\";s:8:\\\"function\\\";s:6:\\\"handle\\\";s:4:\\\"file\\\";s:96:\\\"C:\\\\Users\\\\dunis\\\\Projet0\\\\vendor\\\\symfony\\\\messenger\\\\Middleware\\\\FailedMessageProcessingMiddleware.php\\\";s:4:\\\"line\\\";i:34;s:4:\\\"args\\\";a:2:{i:0;a:2:{i:0;s:6:\\\"object\\\";i:1;s:36:\\\"Symfony\\\\Component\\\\Messenger\\\\Envelope\\\";}i:1;a:2:{i:0;s:6:\\\"object\\\";i:1;s:53:\\\"Symfony\\\\Component\\\\Messenger\\\\Middleware\\\\TraceableStack\\\";}}}i:13;a:8:{s:9:\\\"namespace\\\";s:38:\\\"Symfony\\\\Component\\\\Messenger\\\\Middleware\\\";s:11:\\\"short_class\\\";s:33:\\\"FailedMessageProcessingMiddleware\\\";s:5:\\\"class\\\";s:72:\\\"Symfony\\\\Component\\\\Messenger\\\\Middleware\\\\FailedMessageProcessingMiddleware\\\";s:4:\\\"type\\\";s:2:\\\"->\\\";s:8:\\\"function\\\";s:6:\\\"handle\\\";s:4:\\\"file\\\";s:96:\\\"C:\\\\Users\\\\dunis\\\\Projet0\\\\vendor\\\\symfony\\\\messenger\\\\Middleware\\\\DispatchAfterCurrentBusMiddleware.php\\\";s:4:\\\"line\\\";i:68;s:4:\\\"args\\\";a:2:{i:0;a:2:{i:0;s:6:\\\"object\\\";i:1;s:36:\\\"Symfony\\\\Component\\\\Messenger\\\\Envelope\\\";}i:1;a:2:{i:0;s:6:\\\"object\\\";i:1;s:53:\\\"Symfony\\\\Component\\\\Messenger\\\\Middleware\\\\TraceableStack\\\";}}}i:14;a:8:{s:9:\\\"namespace\\\";s:38:\\\"Symfony\\\\Component\\\\Messenger\\\\Middleware\\\";s:11:\\\"short_class\\\";s:33:\\\"DispatchAfterCurrentBusMiddleware\\\";s:5:\\\"class\\\";s:72:\\\"Symfony\\\\Component\\\\Messenger\\\\Middleware\\\\DispatchAfterCurrentBusMiddleware\\\";s:4:\\\"type\\\";s:2:\\\"->\\\";s:8:\\\"function\\\";s:6:\\\"handle\\\";s:4:\\\"file\\\";s:97:\\\"C:\\\\Users\\\\dunis\\\\Projet0\\\\vendor\\\\symfony\\\\messenger\\\\Middleware\\\\RejectRedeliveredMessageMiddleware.php\\\";s:4:\\\"line\\\";i:41;s:4:\\\"args\\\";a:2:{i:0;a:2:{i:0;s:6:\\\"object\\\";i:1;s:36:\\\"Symfony\\\\Component\\\\Messenger\\\\Envelope\\\";}i:1;a:2:{i:0;s:6:\\\"object\\\";i:1;s:53:\\\"Symfony\\\\Component\\\\Messenger\\\\Middleware\\\\TraceableStack\\\";}}}i:15;a:8:{s:9:\\\"namespace\\\";s:38:\\\"Symfony\\\\Component\\\\Messenger\\\\Middleware\\\";s:11:\\\"short_class\\\";s:34:\\\"RejectRedeliveredMessageMiddleware\\\";s:5:\\\"class\\\";s:73:\\\"Symfony\\\\Component\\\\Messenger\\\\Middleware\\\\RejectRedeliveredMessageMiddleware\\\";s:4:\\\"type\\\";s:2:\\\"->\\\";s:8:\\\"function\\\";s:6:\\\"handle\\\";s:4:\\\"file\\\";s:88:\\\"C:\\\\Users\\\\dunis\\\\Projet0\\\\vendor\\\\symfony\\\\messenger\\\\Middleware\\\\AddBusNameStampMiddleware.php\\\";s:4:\\\"line\\\";i:35;s:4:\\\"args\\\";a:2:{i:0;a:2:{i:0;s:6:\\\"object\\\";i:1;s:36:\\\"Symfony\\\\Component\\\\Messenger\\\\Envelope\\\";}i:1;a:2:{i:0;s:6:\\\"object\\\";i:1;s:53:\\\"Symfony\\\\Component\\\\Messenger\\\\Middleware\\\\TraceableStack\\\";}}}i:16;a:8:{s:9:\\\"namespace\\\";s:38:\\\"Symfony\\\\Component\\\\Messenger\\\\Middleware\\\";s:11:\\\"short_class\\\";s:25:\\\"AddBusNameStampMiddleware\\\";s:5:\\\"class\\\";s:64:\\\"Symfony\\\\Component\\\\Messenger\\\\Middleware\\\\AddBusNameStampMiddleware\\\";s:4:\\\"type\\\";s:2:\\\"->\\\";s:8:\\\"function\\\";s:6:\\\"handle\\\";s:4:\\\"file\\\";s:82:\\\"C:\\\\Users\\\\dunis\\\\Projet0\\\\vendor\\\\symfony\\\\messenger\\\\Middleware\\\\TraceableMiddleware.php\\\";s:4:\\\"line\\\";i:36;s:4:\\\"args\\\";a:2:{i:0;a:2:{i:0;s:6:\\\"object\\\";i:1;s:36:\\\"Symfony\\\\Component\\\\Messenger\\\\Envelope\\\";}i:1;a:2:{i:0;s:6:\\\"object\\\";i:1;s:53:\\\"Symfony\\\\Component\\\\Messenger\\\\Middleware\\\\TraceableStack\\\";}}}i:17;a:8:{s:9:\\\"namespace\\\";s:38:\\\"Symfony\\\\Component\\\\Messenger\\\\Middleware\\\";s:11:\\\"short_class\\\";s:19:\\\"TraceableMiddleware\\\";s:5:\\\"class\\\";s:58:\\\"Symfony\\\\Component\\\\Messenger\\\\Middleware\\\\TraceableMiddleware\\\";s:4:\\\"type\\\";s:2:\\\"->\\\";s:8:\\\"function\\\";s:6:\\\"handle\\\";s:4:\\\"file\\\";s:62:\\\"C:\\\\Users\\\\dunis\\\\Projet0\\\\vendor\\\\symfony\\\\messenger\\\\MessageBus.php\\\";s:4:\\\"line\\\";i:69;s:4:\\\"args\\\";a:2:{i:0;a:2:{i:0;s:6:\\\"object\\\";i:1;s:36:\\\"Symfony\\\\Component\\\\Messenger\\\\Envelope\\\";}i:1;a:2:{i:0;s:6:\\\"object\\\";i:1;s:53:\\\"Symfony\\\\Component\\\\Messenger\\\\Middleware\\\\TraceableStack\\\";}}}i:18;a:8:{s:9:\\\"namespace\\\";s:27:\\\"Symfony\\\\Component\\\\Messenger\\\";s:11:\\\"short_class\\\";s:10:\\\"MessageBus\\\";s:5:\\\"class\\\";s:38:\\\"Symfony\\\\Component\\\\Messenger\\\\MessageBus\\\";s:4:\\\"type\\\";s:2:\\\"->\\\";s:8:\\\"function\\\";s:8:\\\"dispatch\\\";s:4:\\\"file\\\";s:71:\\\"C:\\\\Users\\\\dunis\\\\Projet0\\\\vendor\\\\symfony\\\\messenger\\\\TraceableMessageBus.php\\\";s:4:\\\"line\\\";i:37;s:4:\\\"args\\\";a:2:{i:0;a:2:{i:0;s:6:\\\"object\\\";i:1;s:36:\\\"Symfony\\\\Component\\\\Messenger\\\\Envelope\\\";}i:1;a:2:{i:0;s:5:\\\"array\\\";i:1;a:0:{}}}}i:19;a:8:{s:9:\\\"namespace\\\";s:27:\\\"Symfony\\\\Component\\\\Messenger\\\";s:11:\\\"short_class\\\";s:19:\\\"TraceableMessageBus\\\";s:5:\\\"class\\\";s:47:\\\"Symfony\\\\Component\\\\Messenger\\\\TraceableMessageBus\\\";s:4:\\\"type\\\";s:2:\\\"->\\\";s:8:\\\"function\\\";s:8:\\\"dispatch\\\";s:4:\\\"file\\\";s:70:\\\"C:\\\\Users\\\\dunis\\\\Projet0\\\\vendor\\\\symfony\\\\messenger\\\\RoutableMessageBus.php\\\";s:4:\\\"line\\\";i:51;s:4:\\\"args\\\";a:2:{i:0;a:2:{i:0;s:6:\\\"object\\\";i:1;s:36:\\\"Symfony\\\\Component\\\\Messenger\\\\Envelope\\\";}i:1;a:2:{i:0;s:5:\\\"array\\\";i:1;a:0:{}}}}i:20;a:8:{s:9:\\\"namespace\\\";s:27:\\\"Symfony\\\\Component\\\\Messenger\\\";s:11:\\\"short_class\\\";s:18:\\\"RoutableMessageBus\\\";s:5:\\\"class\\\";s:46:\\\"Symfony\\\\Component\\\\Messenger\\\\RoutableMessageBus\\\";s:4:\\\"type\\\";s:2:\\\"->\\\";s:8:\\\"function\\\";s:8:\\\"dispatch\\\";s:4:\\\"file\\\";s:58:\\\"C:\\\\Users\\\\dunis\\\\Projet0\\\\vendor\\\\symfony\\\\messenger\\\\Worker.php\\\";s:4:\\\"line\\\";i:170;s:4:\\\"args\\\";a:1:{i:0;a:2:{i:0;s:6:\\\"object\\\";i:1;s:36:\\\"Symfony\\\\Component\\\\Messenger\\\\Envelope\\\";}}}i:21;a:8:{s:9:\\\"namespace\\\";s:27:\\\"Symfony\\\\Component\\\\Messenger\\\";s:11:\\\"short_class\\\";s:6:\\\"Worker\\\";s:5:\\\"class\\\";s:34:\\\"Symfony\\\\Component\\\\Messenger\\\\Worker\\\";s:4:\\\"type\\\";s:2:\\\"->\\\";s:8:\\\"function\\\";s:13:\\\"handleMessage\\\";s:4:\\\"file\\\";s:58:\\\"C:\\\\Users\\\\dunis\\\\Projet0\\\\vendor\\\\symfony\\\\messenger\\\\Worker.php\\\";s:4:\\\"line\\\";i:119;s:4:\\\"args\\\";a:2:{i:0;a:2:{i:0;s:6:\\\"object\\\";i:1;s:36:\\\"Symfony\\\\Component\\\\Messenger\\\\Envelope\\\";}i:1;a:2:{i:0;s:6:\\\"string\\\";i:1;s:5:\\\"async\\\";}}}i:22;a:8:{s:9:\\\"namespace\\\";s:27:\\\"Symfony\\\\Component\\\\Messenger\\\";s:11:\\\"short_class\\\";s:6:\\\"Worker\\\";s:5:\\\"class\\\";s:34:\\\"Symfony\\\\Component\\\\Messenger\\\\Worker\\\";s:4:\\\"type\\\";s:2:\\\"->\\\";s:8:\\\"function\\\";s:3:\\\"run\\\";s:4:\\\"file\\\";s:82:\\\"C:\\\\Users\\\\dunis\\\\Projet0\\\\vendor\\\\symfony\\\\messenger\\\\Command\\\\ConsumeMessagesCommand.php\\\";s:4:\\\"line\\\";i:260;s:4:\\\"args\\\";a:1:{i:0;a:2:{i:0;s:5:\\\"array\\\";i:1;a:1:{s:5:\\\"sleep\\\";a:2:{i:0;s:7:\\\"integer\\\";i:1;i:1000000;}}}}}i:23;a:8:{s:9:\\\"namespace\\\";s:35:\\\"Symfony\\\\Component\\\\Messenger\\\\Command\\\";s:11:\\\"short_class\\\";s:22:\\\"ConsumeMessagesCommand\\\";s:5:\\\"class\\\";s:58:\\\"Symfony\\\\Component\\\\Messenger\\\\Command\\\\ConsumeMessagesCommand\\\";s:4:\\\"type\\\";s:2:\\\"->\\\";s:8:\\\"function\\\";s:7:\\\"execute\\\";s:4:\\\"file\\\";s:65:\\\"C:\\\\Users\\\\dunis\\\\Projet0\\\\vendor\\\\symfony\\\\console\\\\Command\\\\Command.php\\\";s:4:\\\"line\\\";i:279;s:4:\\\"args\\\";a:2:{i:0;a:2:{i:0;s:6:\\\"object\\\";i:1;s:41:\\\"Symfony\\\\Component\\\\Console\\\\Input\\\\ArgvInput\\\";}i:1;a:2:{i:0;s:6:\\\"object\\\";i:1;s:46:\\\"Symfony\\\\Component\\\\Console\\\\Output\\\\ConsoleOutput\\\";}}}i:24;a:8:{s:9:\\\"namespace\\\";s:33:\\\"Symfony\\\\Component\\\\Console\\\\Command\\\";s:11:\\\"short_class\\\";s:7:\\\"Command\\\";s:5:\\\"class\\\";s:41:\\\"Symfony\\\\Component\\\\Console\\\\Command\\\\Command\\\";s:4:\\\"type\\\";s:2:\\\"->\\\";s:8:\\\"function\\\";s:3:\\\"run\\\";s:4:\\\"file\\\";s:61:\\\"C:\\\\Users\\\\dunis\\\\Projet0\\\\vendor\\\\symfony\\\\console\\\\Application.php\\\";s:4:\\\"line\\\";i:1094;s:4:\\\"args\\\";a:2:{i:0;a:2:{i:0;s:6:\\\"object\\\";i:1;s:41:\\\"Symfony\\\\Component\\\\Console\\\\Input\\\\ArgvInput\\\";}i:1;a:2:{i:0;s:6:\\\"object\\\";i:1;s:46:\\\"Symfony\\\\Component\\\\Console\\\\Output\\\\ConsoleOutput\\\";}}}i:25;a:8:{s:9:\\\"namespace\\\";s:25:\\\"Symfony\\\\Component\\\\Console\\\";s:11:\\\"short_class\\\";s:11:\\\"Application\\\";s:5:\\\"class\\\";s:37:\\\"Symfony\\\\Component\\\\Console\\\\Application\\\";s:4:\\\"type\\\";s:2:\\\"->\\\";s:8:\\\"function\\\";s:12:\\\"doRunCommand\\\";s:4:\\\"file\\\";s:78:\\\"C:\\\\Users\\\\dunis\\\\Projet0\\\\vendor\\\\symfony\\\\framework-bundle\\\\Console\\\\Application.php\\\";s:4:\\\"line\\\";i:123;s:4:\\\"args\\\";a:3:{i:0;a:2:{i:0;s:6:\\\"object\\\";i:1;s:58:\\\"Symfony\\\\Component\\\\Messenger\\\\Command\\\\ConsumeMessagesCommand\\\";}i:1;a:2:{i:0;s:6:\\\"object\\\";i:1;s:41:\\\"Symfony\\\\Component\\\\Console\\\\Input\\\\ArgvInput\\\";}i:2;a:2:{i:0;s:6:\\\"object\\\";i:1;s:46:\\\"Symfony\\\\Component\\\\Console\\\\Output\\\\ConsoleOutput\\\";}}}i:26;a:8:{s:9:\\\"namespace\\\";s:38:\\\"Symfony\\\\Bundle\\\\FrameworkBundle\\\\Console\\\";s:11:\\\"short_class\\\";s:11:\\\"Application\\\";s:5:\\\"class\\\";s:50:\\\"Symfony\\\\Bundle\\\\FrameworkBundle\\\\Console\\\\Application\\\";s:4:\\\"type\\\";s:2:\\\"->\\\";s:8:\\\"function\\\";s:12:\\\"doRunCommand\\\";s:4:\\\"file\\\";s:61:\\\"C:\\\\Users\\\\dunis\\\\Projet0\\\\vendor\\\\symfony\\\\console\\\\Application.php\\\";s:4:\\\"line\\\";i:342;s:4:\\\"args\\\";a:3:{i:0;a:2:{i:0;s:6:\\\"object\\\";i:1;s:58:\\\"Symfony\\\\Component\\\\Messenger\\\\Command\\\\ConsumeMessagesCommand\\\";}i:1;a:2:{i:0;s:6:\\\"object\\\";i:1;s:41:\\\"Symfony\\\\Component\\\\Console\\\\Input\\\\ArgvInput\\\";}i:2;a:2:{i:0;s:6:\\\"object\\\";i:1;s:46:\\\"Symfony\\\\Component\\\\Console\\\\Output\\\\ConsoleOutput\\\";}}}i:27;a:8:{s:9:\\\"namespace\\\";s:25:\\\"Symfony\\\\Component\\\\Console\\\";s:11:\\\"short_class\\\";s:11:\\\"Application\\\";s:5:\\\"class\\\";s:37:\\\"Symfony\\\\Component\\\\Console\\\\Application\\\";s:4:\\\"type\\\";s:2:\\\"->\\\";s:8:\\\"function\\\";s:5:\\\"doRun\\\";s:4:\\\"file\\\";s:78:\\\"C:\\\\Users\\\\dunis\\\\Projet0\\\\vendor\\\\symfony\\\\framework-bundle\\\\Console\\\\Application.php\\\";s:4:\\\"line\\\";i:77;s:4:\\\"args\\\";a:2:{i:0;a:2:{i:0;s:6:\\\"object\\\";i:1;s:41:\\\"Symfony\\\\Component\\\\Console\\\\Input\\\\ArgvInput\\\";}i:1;a:2:{i:0;s:6:\\\"object\\\";i:1;s:46:\\\"Symfony\\\\Component\\\\Console\\\\Output\\\\ConsoleOutput\\\";}}}i:28;a:8:{s:9:\\\"namespace\\\";s:38:\\\"Symfony\\\\Bundle\\\\FrameworkBundle\\\\Console\\\";s:11:\\\"short_class\\\";s:11:\\\"Application\\\";s:5:\\\"class\\\";s:50:\\\"Symfony\\\\Bundle\\\\FrameworkBundle\\\\Console\\\\Application\\\";s:4:\\\"type\\\";s:2:\\\"->\\\";s:8:\\\"function\\\";s:5:\\\"doRun\\\";s:4:\\\"file\\\";s:61:\\\"C:\\\\Users\\\\dunis\\\\Projet0\\\\vendor\\\\symfony\\\\console\\\\Application.php\\\";s:4:\\\"line\\\";i:193;s:4:\\\"args\\\";a:2:{i:0;a:2:{i:0;s:6:\\\"object\\\";i:1;s:41:\\\"Symfony\\\\Component\\\\Console\\\\Input\\\\ArgvInput\\\";}i:1;a:2:{i:0;s:6:\\\"object\\\";i:1;s:46:\\\"Symfony\\\\Component\\\\Console\\\\Output\\\\ConsoleOutput\\\";}}}i:29;a:8:{s:9:\\\"namespace\\\";s:25:\\\"Symfony\\\\Component\\\\Console\\\";s:11:\\\"short_class\\\";s:11:\\\"Application\\\";s:5:\\\"class\\\";s:37:\\\"Symfony\\\\Component\\\\Console\\\\Application\\\";s:4:\\\"type\\\";s:2:\\\"->\\\";s:8:\\\"function\\\";s:3:\\\"run\\\";s:4:\\\"file\\\";s:89:\\\"C:\\\\Users\\\\dunis\\\\Projet0\\\\vendor\\\\symfony\\\\runtime\\\\Runner\\\\Symfony\\\\ConsoleApplicationRunner.php\\\";s:4:\\\"line\\\";i:49;s:4:\\\"args\\\";a:2:{i:0;a:2:{i:0;s:6:\\\"object\\\";i:1;s:41:\\\"Symfony\\\\Component\\\\Console\\\\Input\\\\ArgvInput\\\";}i:1;a:2:{i:0;s:6:\\\"object\\\";i:1;s:46:\\\"Symfony\\\\Component\\\\Console\\\\Output\\\\ConsoleOutput\\\";}}}i:30;a:8:{s:9:\\\"namespace\\\";s:40:\\\"Symfony\\\\Component\\\\Runtime\\\\Runner\\\\Symfony\\\";s:11:\\\"short_class\\\";s:24:\\\"ConsoleApplicationRunner\\\";s:5:\\\"class\\\";s:65:\\\"Symfony\\\\Component\\\\Runtime\\\\Runner\\\\Symfony\\\\ConsoleApplicationRunner\\\";s:4:\\\"type\\\";s:2:\\\"->\\\";s:8:\\\"function\\\";s:3:\\\"run\\\";s:4:\\\"file\\\";s:50:\\\"C:\\\\Users\\\\dunis\\\\Projet0\\\\vendor\\\\autoload_runtime.php\\\";s:4:\\\"line\\\";i:29;s:4:\\\"args\\\";a:0:{}}i:31;a:8:{s:9:\\\"namespace\\\";s:0:\\\"\\\";s:11:\\\"short_class\\\";s:0:\\\"\\\";s:5:\\\"class\\\";s:0:\\\"\\\";s:4:\\\"type\\\";s:0:\\\"\\\";s:8:\\\"function\\\";s:12:\\\"require_once\\\";s:4:\\\"file\\\";s:34:\\\"C:\\\\Users\\\\dunis\\\\Projet0\\\\bin\\\\console\\\";s:4:\\\"line\\\";i:15;s:4:\\\"args\\\";a:1:{i:0;a:2:{i:0;s:6:\\\"string\\\";i:1;s:50:\\\"C:\\\\Users\\\\dunis\\\\Projet0\\\\vendor\\\\autoload_runtime.php\\\";}}}}s:72:\\\"\\0Symfony\\\\Component\\\\ErrorHandler\\\\Exception\\\\FlattenException\\0traceAsString\\\";s:6855:\\\"#0 [internal function]: Symfony\\\\Component\\\\Mailer\\\\Transport\\\\Smtp\\\\Stream\\\\SocketStream->Symfony\\\\Component\\\\Mailer\\\\Transport\\\\Smtp\\\\Stream\\\\{closure}(2, \\\'stream_socket_c...\\\', \\\'C:\\\\\\\\Users\\\\\\\\dunis\\\\\\\\...\\\', 157)\n#1 C:\\\\Users\\\\dunis\\\\Projet0\\\\vendor\\\\symfony\\\\mailer\\\\Transport\\\\Smtp\\\\Stream\\\\SocketStream.php(157): stream_socket_client(\\\'sandbox.smtp.ma...\\\', 0, \\\'\\\', 60.0, 4, Resource id #915)\n#2 C:\\\\Users\\\\dunis\\\\Projet0\\\\vendor\\\\symfony\\\\mailer\\\\Transport\\\\Smtp\\\\SmtpTransport.php(279): Symfony\\\\Component\\\\Mailer\\\\Transport\\\\Smtp\\\\Stream\\\\SocketStream->initialize()\n#3 C:\\\\Users\\\\dunis\\\\Projet0\\\\vendor\\\\symfony\\\\mailer\\\\Transport\\\\Smtp\\\\SmtpTransport.php(211): Symfony\\\\Component\\\\Mailer\\\\Transport\\\\Smtp\\\\SmtpTransport->start()\n#4 C:\\\\Users\\\\dunis\\\\Projet0\\\\vendor\\\\symfony\\\\mailer\\\\Transport\\\\AbstractTransport.php(90): Symfony\\\\Component\\\\Mailer\\\\Transport\\\\Smtp\\\\SmtpTransport->doSend(Object(Symfony\\\\Component\\\\Mailer\\\\SentMessage))\n#5 C:\\\\Users\\\\dunis\\\\Projet0\\\\vendor\\\\symfony\\\\mailer\\\\Transport\\\\Smtp\\\\SmtpTransport.php(138): Symfony\\\\Component\\\\Mailer\\\\Transport\\\\AbstractTransport->send(Object(Symfony\\\\Bridge\\\\Twig\\\\Mime\\\\TemplatedEmail), Object(Symfony\\\\Component\\\\Mailer\\\\DelayedEnvelope))\n#6 C:\\\\Users\\\\dunis\\\\Projet0\\\\vendor\\\\symfony\\\\mailer\\\\Transport\\\\Transports.php(51): Symfony\\\\Component\\\\Mailer\\\\Transport\\\\Smtp\\\\SmtpTransport->send(Object(Symfony\\\\Bridge\\\\Twig\\\\Mime\\\\TemplatedEmail), NULL)\n#7 C:\\\\Users\\\\dunis\\\\Projet0\\\\vendor\\\\symfony\\\\mailer\\\\Messenger\\\\MessageHandler.php(29): Symfony\\\\Component\\\\Mailer\\\\Transport\\\\Transports->send(Object(Symfony\\\\Bridge\\\\Twig\\\\Mime\\\\TemplatedEmail), NULL)\n#8 C:\\\\Users\\\\dunis\\\\Projet0\\\\vendor\\\\symfony\\\\messenger\\\\Middleware\\\\HandleMessageMiddleware.php(152): Symfony\\\\Component\\\\Mailer\\\\Messenger\\\\MessageHandler->__invoke(Object(Symfony\\\\Component\\\\Mailer\\\\Messenger\\\\SendEmailMessage))\n#9 C:\\\\Users\\\\dunis\\\\Projet0\\\\vendor\\\\symfony\\\\messenger\\\\Middleware\\\\HandleMessageMiddleware.php(91): Symfony\\\\Component\\\\Messenger\\\\Middleware\\\\HandleMessageMiddleware->callHandler(Object(Closure), Object(Symfony\\\\Component\\\\Mailer\\\\Messenger\\\\SendEmailMessage), NULL, NULL)\n#10 C:\\\\Users\\\\dunis\\\\Projet0\\\\vendor\\\\symfony\\\\messenger\\\\Middleware\\\\SendMessageMiddleware.php(71): Symfony\\\\Component\\\\Messenger\\\\Middleware\\\\HandleMessageMiddleware->handle(Object(Symfony\\\\Component\\\\Messenger\\\\Envelope), Object(Symfony\\\\Component\\\\Messenger\\\\Middleware\\\\TraceableStack))\n#11 C:\\\\Users\\\\dunis\\\\Projet0\\\\vendor\\\\symfony\\\\messenger\\\\Middleware\\\\FailedMessageProcessingMiddleware.php(34): Symfony\\\\Component\\\\Messenger\\\\Middleware\\\\SendMessageMiddleware->handle(Object(Symfony\\\\Component\\\\Messenger\\\\Envelope), Object(Symfony\\\\Component\\\\Messenger\\\\Middleware\\\\TraceableStack))\n#12 C:\\\\Users\\\\dunis\\\\Projet0\\\\vendor\\\\symfony\\\\messenger\\\\Middleware\\\\DispatchAfterCurrentBusMiddleware.php(68): Symfony\\\\Component\\\\Messenger\\\\Middleware\\\\FailedMessageProcessingMiddleware->handle(Object(Symfony\\\\Component\\\\Messenger\\\\Envelope), Object(Symfony\\\\Component\\\\Messenger\\\\Middleware\\\\TraceableStack))\n#13 C:\\\\Users\\\\dunis\\\\Projet0\\\\vendor\\\\symfony\\\\messenger\\\\Middleware\\\\RejectRedeliveredMessageMiddleware.php(41): Symfony\\\\Component\\\\Messenger\\\\Middleware\\\\DispatchAfterCurrentBusMiddleware->handle(Object(Symfony\\\\Component\\\\Messenger\\\\Envelope), Object(Symfony\\\\Component\\\\Messenger\\\\Middleware\\\\TraceableStack))\n#14 C:\\\\Users\\\\dunis\\\\Projet0\\\\vendor\\\\symfony\\\\messenger\\\\Middleware\\\\AddBusNameStampMiddleware.php(35): Symfony\\\\Component\\\\Messenger\\\\Middleware\\\\RejectRedeliveredMessageMiddleware->handle(Object(Symfony\\\\Component\\\\Messenger\\\\Envelope), Object(Symfony\\\\Component\\\\Messenger\\\\Middleware\\\\TraceableStack))\n#15 C:\\\\Users\\\\dunis\\\\Projet0\\\\vendor\\\\symfony\\\\messenger\\\\Middleware\\\\TraceableMiddleware.php(36): Symfony\\\\Component\\\\Messenger\\\\Middleware\\\\AddBusNameStampMiddleware->handle(Object(Symfony\\\\Component\\\\Messenger\\\\Envelope), Object(Symfony\\\\Component\\\\Messenger\\\\Middleware\\\\TraceableStack))\n#16 C:\\\\Users\\\\dunis\\\\Projet0\\\\vendor\\\\symfony\\\\messenger\\\\MessageBus.php(69): Symfony\\\\Component\\\\Messenger\\\\Middleware\\\\TraceableMiddleware->handle(Object(Symfony\\\\Component\\\\Messenger\\\\Envelope), Object(Symfony\\\\Component\\\\Messenger\\\\Middleware\\\\TraceableStack))\n#17 C:\\\\Users\\\\dunis\\\\Projet0\\\\vendor\\\\symfony\\\\messenger\\\\TraceableMessageBus.php(37): Symfony\\\\Component\\\\Messenger\\\\MessageBus->dispatch(Object(Symfony\\\\Component\\\\Messenger\\\\Envelope), Array)\n#18 C:\\\\Users\\\\dunis\\\\Projet0\\\\vendor\\\\symfony\\\\messenger\\\\RoutableMessageBus.php(51): Symfony\\\\Component\\\\Messenger\\\\TraceableMessageBus->dispatch(Object(Symfony\\\\Component\\\\Messenger\\\\Envelope), Array)\n#19 C:\\\\Users\\\\dunis\\\\Projet0\\\\vendor\\\\symfony\\\\messenger\\\\Worker.php(170): Symfony\\\\Component\\\\Messenger\\\\RoutableMessageBus->dispatch(Object(Symfony\\\\Component\\\\Messenger\\\\Envelope))\n#20 C:\\\\Users\\\\dunis\\\\Projet0\\\\vendor\\\\symfony\\\\messenger\\\\Worker.php(119): Symfony\\\\Component\\\\Messenger\\\\Worker->handleMessage(Object(Symfony\\\\Component\\\\Messenger\\\\Envelope), \\\'async\\\')\n#21 C:\\\\Users\\\\dunis\\\\Projet0\\\\vendor\\\\symfony\\\\messenger\\\\Command\\\\ConsumeMessagesCommand.php(260): Symfony\\\\Component\\\\Messenger\\\\Worker->run(Array)\n#22 C:\\\\Users\\\\dunis\\\\Projet0\\\\vendor\\\\symfony\\\\console\\\\Command\\\\Command.php(279): Symfony\\\\Component\\\\Messenger\\\\Command\\\\ConsumeMessagesCommand->execute(Object(Symfony\\\\Component\\\\Console\\\\Input\\\\ArgvInput), Object(Symfony\\\\Component\\\\Console\\\\Output\\\\ConsoleOutput))\n#23 C:\\\\Users\\\\dunis\\\\Projet0\\\\vendor\\\\symfony\\\\console\\\\Application.php(1094): Symfony\\\\Component\\\\Console\\\\Command\\\\Command->run(Object(Symfony\\\\Component\\\\Console\\\\Input\\\\ArgvInput), Object(Symfony\\\\Component\\\\Console\\\\Output\\\\ConsoleOutput))\n#24 C:\\\\Users\\\\dunis\\\\Projet0\\\\vendor\\\\symfony\\\\framework-bundle\\\\Console\\\\Application.php(123): Symfony\\\\Component\\\\Console\\\\Application->doRunCommand(Object(Symfony\\\\Component\\\\Messenger\\\\Command\\\\ConsumeMessagesCommand), Object(Symfony\\\\Component\\\\Console\\\\Input\\\\ArgvInput), Object(Symfony\\\\Component\\\\Console\\\\Output\\\\ConsoleOutput))\n#25 C:\\\\Users\\\\dunis\\\\Projet0\\\\vendor\\\\symfony\\\\console\\\\Application.php(342): Symfony\\\\Bundle\\\\FrameworkBundle\\\\Console\\\\Application->doRunCommand(Object(Symfony\\\\Component\\\\Messenger\\\\Command\\\\ConsumeMessagesCommand), Object(Symfony\\\\Component\\\\Console\\\\Input\\\\ArgvInput), Object(Symfony\\\\Component\\\\Console\\\\Output\\\\ConsoleOutput))\n#26 C:\\\\Users\\\\dunis\\\\Projet0\\\\vendor\\\\symfony\\\\framework-bundle\\\\Console\\\\Application.php(77): Symfony\\\\Component\\\\Console\\\\Application->doRun(Object(Symfony\\\\Component\\\\Console\\\\Input\\\\ArgvInput), Object(Symfony\\\\Component\\\\Console\\\\Output\\\\ConsoleOutput))\n#27 C:\\\\Users\\\\dunis\\\\Projet0\\\\vendor\\\\symfony\\\\console\\\\Application.php(193): Symfony\\\\Bundle\\\\FrameworkBundle\\\\Console\\\\Application->doRun(Object(Symfony\\\\Component\\\\Console\\\\Input\\\\ArgvInput), Object(Symfony\\\\Component\\\\Console\\\\Output\\\\ConsoleOutput))\n#28 C:\\\\Users\\\\dunis\\\\Projet0\\\\vendor\\\\symfony\\\\runtime\\\\Runner\\\\Symfony\\\\ConsoleApplicationRunner.php(49): Symfony\\\\Component\\\\Console\\\\Application->run(Object(Symfony\\\\Component\\\\Console\\\\Input\\\\ArgvInput), Object(Symfony\\\\Component\\\\Console\\\\Output\\\\ConsoleOutput))\n#29 C:\\\\Users\\\\dunis\\\\Projet0\\\\vendor\\\\autoload_runtime.php(29): Symfony\\\\Component\\\\Runtime\\\\Runner\\\\Symfony\\\\ConsoleApplicationRunner->run()\n#30 C:\\\\Users\\\\dunis\\\\Projet0\\\\bin\\\\console(15): require_once(\\\'C:\\\\\\\\Users\\\\\\\\dunis\\\\\\\\...\\\')\n#31 {main}\\\";s:64:\\\"\\0Symfony\\\\Component\\\\ErrorHandler\\\\Exception\\\\FlattenException\\0class\\\";s:53:\\\"Symfony\\\\Component\\\\Mailer\\\\Exception\\\\TransportException\\\";s:69:\\\"\\0Symfony\\\\Component\\\\ErrorHandler\\\\Exception\\\\FlattenException\\0statusCode\\\";i:500;s:69:\\\"\\0Symfony\\\\Component\\\\ErrorHandler\\\\Exception\\\\FlattenException\\0statusText\\\";s:21:\\\"Internal Server Error\\\";s:66:\\\"\\0Symfony\\\\Component\\\\ErrorHandler\\\\Exception\\\\FlattenException\\0headers\\\";a:0:{}s:63:\\\"\\0Symfony\\\\Component\\\\ErrorHandler\\\\Exception\\\\FlattenException\\0file\\\";s:83:\\\"C:\\\\Users\\\\dunis\\\\Projet0\\\\vendor\\\\symfony\\\\mailer\\\\Transport\\\\Smtp\\\\Stream\\\\SocketStream.php\\\";s:63:\\\"\\0Symfony\\\\Component\\\\ErrorHandler\\\\Exception\\\\FlattenException\\0line\\\";i:154;s:67:\\\"\\0Symfony\\\\Component\\\\ErrorHandler\\\\Exception\\\\FlattenException\\0asString\\\";N;}}}s:44:\\\"Symfony\\\\Component\\\\Messenger\\\\Stamp\\\\DelayStamp\\\";a:5:{i:0;O:44:\\\"Symfony\\\\Component\\\\Messenger\\\\Stamp\\\\DelayStamp\\\":1:{s:51:\\\"\\0Symfony\\\\Component\\\\Messenger\\\\Stamp\\\\DelayStamp\\0delay\\\";i:1039;}i:1;O:44:\\\"Symfony\\\\Component\\\\Messenger\\\\Stamp\\\\DelayStamp\\\":1:{s:51:\\\"\\0Symfony\\\\Component\\\\Messenger\\\\Stamp\\\\DelayStamp\\0delay\\\";i:1894;}i:2;O:44:\\\"Symfony\\\\Component\\\\Messenger\\\\Stamp\\\\DelayStamp\\\":1:{s:51:\\\"\\0Symfony\\\\Component\\\\Messenger\\\\Stamp\\\\DelayStamp\\0delay\\\";i:3759;}i:3;O:44:\\\"Symfony\\\\Component\\\\Messenger\\\\Stamp\\\\DelayStamp\\\":1:{s:51:\\\"\\0Symfony\\\\Component\\\\Messenger\\\\Stamp\\\\DelayStamp\\0delay\\\";i:0;}i:4;O:44:\\\"Symfony\\\\Component\\\\Messenger\\\\Stamp\\\\DelayStamp\\\":1:{s:51:\\\"\\0Symfony\\\\Component\\\\Messenger\\\\Stamp\\\\DelayStamp\\0delay\\\";i:916;}}s:49:\\\"Symfony\\\\Component\\\\Messenger\\\\Stamp\\\\RedeliveryStamp\\\";a:5:{i:0;O:49:\\\"Symfony\\\\Component\\\\Messenger\\\\Stamp\\\\RedeliveryStamp\\\":2:{s:64:\\\"\\0Symfony\\\\Component\\\\Messenger\\\\Stamp\\\\RedeliveryStamp\\0redeliveredAt\\\";O:17:\\\"DateTimeImmutable\\\":3:{s:4:\\\"date\\\";s:26:\\\"2025-05-22 14:54:35.756282\\\";s:13:\\\"timezone_type\\\";i:3;s:8:\\\"timezone\\\";s:13:\\\"Europe/Berlin\\\";}s:61:\\\"\\0Symfony\\\\Component\\\\Messenger\\\\Stamp\\\\RedeliveryStamp\\0retryCount\\\";i:1;}i:1;O:49:\\\"Symfony\\\\Component\\\\Messenger\\\\Stamp\\\\RedeliveryStamp\\\":2:{s:64:\\\"\\0Symfony\\\\Component\\\\Messenger\\\\Stamp\\\\RedeliveryStamp\\0redeliveredAt\\\";O:17:\\\"DateTimeImmutable\\\":3:{s:4:\\\"date\\\";s:26:\\\"2025-05-22 14:57:36.196650\\\";s:13:\\\"timezone_type\\\";i:3;s:8:\\\"timezone\\\";s:13:\\\"Europe/Berlin\\\";}s:61:\\\"\\0Symfony\\\\Component\\\\Messenger\\\\Stamp\\\\RedeliveryStamp\\0retryCount\\\";i:2;}i:2;O:49:\\\"Symfony\\\\Component\\\\Messenger\\\\Stamp\\\\RedeliveryStamp\\\":2:{s:64:\\\"\\0Symfony\\\\Component\\\\Messenger\\\\Stamp\\\\RedeliveryStamp\\0redeliveredAt\\\";O:17:\\\"DateTimeImmutable\\\":3:{s:4:\\\"date\\\";s:26:\\\"2025-05-22 15:00:36.665683\\\";s:13:\\\"timezone_type\\\";i:3;s:8:\\\"timezone\\\";s:13:\\\"Europe/Berlin\\\";}s:61:\\\"\\0Symfony\\\\Component\\\\Messenger\\\\Stamp\\\\RedeliveryStamp\\0retryCount\\\";i:3;}i:3;O:49:\\\"Symfony\\\\Component\\\\Messenger\\\\Stamp\\\\RedeliveryStamp\\\":2:{s:64:\\\"\\0Symfony\\\\Component\\\\Messenger\\\\Stamp\\\\RedeliveryStamp\\0redeliveredAt\\\";O:17:\\\"DateTimeImmutable\\\":3:{s:4:\\\"date\\\";s:26:\\\"2025-05-22 15:03:37.032214\\\";s:13:\\\"timezone_type\\\";i:3;s:8:\\\"timezone\\\";s:13:\\\"Europe/Berlin\\\";}s:61:\\\"\\0Symfony\\\\Component\\\\Messenger\\\\Stamp\\\\RedeliveryStamp\\0retryCount\\\";i:0;}i:4;O:49:\\\"Symfony\\\\Component\\\\Messenger\\\\Stamp\\\\RedeliveryStamp\\\":2:{s:64:\\\"\\0Symfony\\\\Component\\\\Messenger\\\\Stamp\\\\RedeliveryStamp\\0redeliveredAt\\\";O:17:\\\"DateTimeImmutable\\\":3:{s:4:\\\"date\\\";s:26:\\\"2025-05-22 15:07:32.295461\\\";s:13:\\\"timezone_type\\\";i:3;s:8:\\\"timezone\\\";s:13:\\\"Europe/Berlin\\\";}s:61:\\\"\\0Symfony\\\\Component\\\\Messenger\\\\Stamp\\\\RedeliveryStamp\\0retryCount\\\";i:1;}}s:61:\\\"Symfony\\\\Component\\\\Messenger\\\\Stamp\\\\SentToFailureTransportStamp\\\";a:1:{i:0;O:61:\\\"Symfony\\\\Component\\\\Messenger\\\\Stamp\\\\SentToFailureTransportStamp\\\":1:{s:83:\\\"\\0Symfony\\\\Component\\\\Messenger\\\\Stamp\\\\SentToFailureTransportStamp\\0originalReceiverName\\\";s:5:\\\"async\\\";}}s:57:\\\"Symfony\\\\Component\\\\Messenger\\\\Stamp\\\\TransportMessageIdStamp\\\";a:1:{i:0;O:57:\\\"Symfony\\\\Component\\\\Messenger\\\\Stamp\\\\TransportMessageIdStamp\\\":1:{s:61:\\\"\\0Symfony\\\\Component\\\\Messenger\\\\Stamp\\\\TransportMessageIdStamp\\0id\\\";i:13;}}}s:45:\\\"\\0Symfony\\\\Component\\\\Messenger\\\\Envelope\\0message\\\";O:51:\\\"Symfony\\\\Component\\\\Mailer\\\\Messenger\\\\SendEmailMessage\\\":2:{s:60:\\\"\\0Symfony\\\\Component\\\\Mailer\\\\Messenger\\\\SendEmailMessage\\0message\\\";O:39:\\\"Symfony\\\\Bridge\\\\Twig\\\\Mime\\\\TemplatedEmail\\\":5:{i:0;s:41:\\\"registration/confirmation_email.html.twig\\\";i:1;N;i:2;a:3:{s:9:\\\"signedUrl\\\";s:173:\\\"http://127.0.0.1:8000/verify/email?expires=1747920710&signature=AdKESvFMBVerqo7DaM97Kf%2FGX04v%2BhWDyg%2FOMXvWztA%3D&token=WChPSV3zpVckf%2BBFegu0L1ooU%2Fo4w1oeRFLLKUlavrM%3D\\\";s:19:\\\"expiresAtMessageKey\\\";s:26:\\\"%count% hour|%count% hours\\\";s:20:\\\"expiresAtMessageData\\\";a:1:{s:7:\\\"%count%\\\";i:1;}}i:3;a:6:{i:0;N;i:1;N;i:2;N;i:3;N;i:4;a:0:{}i:5;a:2:{i:0;O:37:\\\"Symfony\\\\Component\\\\Mime\\\\Header\\\\Headers\\\":2:{s:46:\\\"\\0Symfony\\\\Component\\\\Mime\\\\Header\\\\Headers\\0headers\\\";a:3:{s:4:\\\"from\\\";a:1:{i:0;O:47:\\\"Symfony\\\\Component\\\\Mime\\\\Header\\\\MailboxListHeader\\\":5:{s:50:\\\"\\0Symfony\\\\Component\\\\Mime\\\\Header\\\\AbstractHeader\\0name\\\";s:4:\\\"From\\\";s:56:\\\"\\0Symfony\\\\Component\\\\Mime\\\\Header\\\\AbstractHeader\\0lineLength\\\";i:76;s:50:\\\"\\0Symfony\\\\Component\\\\Mime\\\\Header\\\\AbstractHeader\\0lang\\\";N;s:53:\\\"\\0Symfony\\\\Component\\\\Mime\\\\Header\\\\AbstractHeader\\0charset\\\";s:5:\\\"utf-8\\\";s:58:\\\"\\0Symfony\\\\Component\\\\Mime\\\\Header\\\\MailboxListHeader\\0addresses\\\";a:1:{i:0;O:30:\\\"Symfony\\\\Component\\\\Mime\\\\Address\\\":2:{s:39:\\\"\\0Symfony\\\\Component\\\\Mime\\\\Address\\0address\\\";s:19:\\\"dunisnoah@gmail.com\\\";s:36:\\\"\\0Symfony\\\\Component\\\\Mime\\\\Address\\0name\\\";s:4:\\\"Noah\\\";}}}}s:2:\\\"to\\\";a:1:{i:0;O:47:\\\"Symfony\\\\Component\\\\Mime\\\\Header\\\\MailboxListHeader\\\":5:{s:50:\\\"\\0Symfony\\\\Component\\\\Mime\\\\Header\\\\AbstractHeader\\0name\\\";s:2:\\\"To\\\";s:56:\\\"\\0Symfony\\\\Component\\\\Mime\\\\Header\\\\AbstractHeader\\0lineLength\\\";i:76;s:50:\\\"\\0Symfony\\\\Component\\\\Mime\\\\Header\\\\AbstractHeader\\0lang\\\";N;s:53:\\\"\\0Symfony\\\\Component\\\\Mime\\\\Header\\\\AbstractHeader\\0charset\\\";s:5:\\\"utf-8\\\";s:58:\\\"\\0Symfony\\\\Component\\\\Mime\\\\Header\\\\MailboxListHeader\\0addresses\\\";a:1:{i:0;O:30:\\\"Symfony\\\\Component\\\\Mime\\\\Address\\\":2:{s:39:\\\"\\0Symfony\\\\Component\\\\Mime\\\\Address\\0address\\\";s:19:\\\"dunisnoah@gmail.com\\\";s:36:\\\"\\0Symfony\\\\Component\\\\Mime\\\\Address\\0name\\\";s:0:\\\"\\\";}}}}s:7:\\\"subject\\\";a:1:{i:0;O:48:\\\"Symfony\\\\Component\\\\Mime\\\\Header\\\\UnstructuredHeader\\\":5:{s:50:\\\"\\0Symfony\\\\Component\\\\Mime\\\\Header\\\\AbstractHeader\\0name\\\";s:7:\\\"Subject\\\";s:56:\\\"\\0Symfony\\\\Component\\\\Mime\\\\Header\\\\AbstractHeader\\0lineLength\\\";i:76;s:50:\\\"\\0Symfony\\\\Component\\\\Mime\\\\Header\\\\AbstractHeader\\0lang\\\";N;s:53:\\\"\\0Symfony\\\\Component\\\\Mime\\\\Header\\\\AbstractHeader\\0charset\\\";s:5:\\\"utf-8\\\";s:55:\\\"\\0Symfony\\\\Component\\\\Mime\\\\Header\\\\UnstructuredHeader\\0value\\\";s:25:\\\"Please Confirm your Email\\\";}}}s:49:\\\"\\0Symfony\\\\Component\\\\Mime\\\\Header\\\\Headers\\0lineLength\\\";i:76;}i:1;N;}}i:4;N;}s:61:\\\"\\0Symfony\\\\Component\\\\Mailer\\\\Messenger\\\\SendEmailMessage\\0envelope\\\";N;}}', '[]', 'failed', '2025-05-22 13:07:32', '2025-05-22 13:07:32', NULL);
INSERT INTO `messenger_messages` (`id`, `body`, `headers`, `queue_name`, `created_at`, `available_at`, `delivered_at`) VALUES
                                                                                                                           (21, 'O:36:\\\"Symfony\\\\Component\\\\Messenger\\\\Envelope\\\":2:{s:44:\\\"\\0Symfony\\\\Component\\\\Messenger\\\\Envelope\\0stamps\\\";a:6:{s:46:\\\"Symfony\\\\Component\\\\Messenger\\\\Stamp\\\\BusNameStamp\\\";a:1:{i:0;O:46:\\\"Symfony\\\\Component\\\\Messenger\\\\Stamp\\\\BusNameStamp\\\":1:{s:55:\\\"\\0Symfony\\\\Component\\\\Messenger\\\\Stamp\\\\BusNameStamp\\0busName\\\";s:21:\\\"messenger.bus.default\\\";}}s:51:\\\"Symfony\\\\Component\\\\Messenger\\\\Stamp\\\\ErrorDetailsStamp\\\";a:1:{i:0;O:51:\\\"Symfony\\\\Component\\\\Messenger\\\\Stamp\\\\ErrorDetailsStamp\\\":4:{s:67:\\\"\\0Symfony\\\\Component\\\\Messenger\\\\Stamp\\\\ErrorDetailsStamp\\0exceptionClass\\\";s:53:\\\"Symfony\\\\Component\\\\Mailer\\\\Exception\\\\TransportException\\\";s:66:\\\"\\0Symfony\\\\Component\\\\Messenger\\\\Stamp\\\\ErrorDetailsStamp\\0exceptionCode\\\";i:0;s:69:\\\"\\0Symfony\\\\Component\\\\Messenger\\\\Stamp\\\\ErrorDetailsStamp\\0exceptionMessage\\\";s:366:\\\"Connection could not be established with host \\\"sandbox.smtp.mailtrap.io:2525\\\": stream_socket_client(): Unable to connect to sandbox.smtp.mailtrap.io:2525 (Une tentative de connexion a échoué car le parti connecté n’a pas répondu convenablement au-delà d’une certaine durée ou une connexion établie a échoué car l’hôte de connexion n’a pas répondu)\\\";s:69:\\\"\\0Symfony\\\\Component\\\\Messenger\\\\Stamp\\\\ErrorDetailsStamp\\0flattenException\\\";O:57:\\\"Symfony\\\\Component\\\\ErrorHandler\\\\Exception\\\\FlattenException\\\":12:{s:66:\\\"\\0Symfony\\\\Component\\\\ErrorHandler\\\\Exception\\\\FlattenException\\0message\\\";s:366:\\\"Connection could not be established with host \\\"sandbox.smtp.mailtrap.io:2525\\\": stream_socket_client(): Unable to connect to sandbox.smtp.mailtrap.io:2525 (Une tentative de connexion a échoué car le parti connecté n’a pas répondu convenablement au-delà d’une certaine durée ou une connexion établie a échoué car l’hôte de connexion n’a pas répondu)\\\";s:63:\\\"\\0Symfony\\\\Component\\\\ErrorHandler\\\\Exception\\\\FlattenException\\0code\\\";i:0;s:67:\\\"\\0Symfony\\\\Component\\\\ErrorHandler\\\\Exception\\\\FlattenException\\0previous\\\";N;s:64:\\\"\\0Symfony\\\\Component\\\\ErrorHandler\\\\Exception\\\\FlattenException\\0trace\\\";a:32:{i:0;a:8:{s:9:\\\"namespace\\\";s:0:\\\"\\\";s:11:\\\"short_class\\\";s:0:\\\"\\\";s:5:\\\"class\\\";s:0:\\\"\\\";s:4:\\\"type\\\";s:0:\\\"\\\";s:8:\\\"function\\\";s:0:\\\"\\\";s:4:\\\"file\\\";s:83:\\\"C:\\\\Users\\\\dunis\\\\Projet0\\\\vendor\\\\symfony\\\\mailer\\\\Transport\\\\Smtp\\\\Stream\\\\SocketStream.php\\\";s:4:\\\"line\\\";i:154;s:4:\\\"args\\\";a:0:{}}i:1;a:8:{s:9:\\\"namespace\\\";s:46:\\\"Symfony\\\\Component\\\\Mailer\\\\Transport\\\\Smtp\\\\Stream\\\";s:11:\\\"short_class\\\";s:12:\\\"SocketStream\\\";s:5:\\\"class\\\";s:59:\\\"Symfony\\\\Component\\\\Mailer\\\\Transport\\\\Smtp\\\\Stream\\\\SocketStream\\\";s:4:\\\"type\\\";s:2:\\\"->\\\";s:8:\\\"function\\\";s:56:\\\"Symfony\\\\Component\\\\Mailer\\\\Transport\\\\Smtp\\\\Stream\\\\{closure}\\\";s:4:\\\"file\\\";N;s:4:\\\"line\\\";N;s:4:\\\"args\\\";a:4:{i:0;a:2:{i:0;s:7:\\\"integer\\\";i:1;i:2;}i:1;a:2:{i:0;s:6:\\\"string\\\";i:1;s:287:\\\"stream_socket_client(): Unable to connect to sandbox.smtp.mailtrap.io:2525 (Une tentative de connexion a échoué car le parti connecté n’a pas répondu convenablement au-delà d’une certaine durée ou une connexion établie a échoué car l’hôte de connexion n’a pas répondu)\\\";}i:2;a:2:{i:0;s:6:\\\"string\\\";i:1;s:83:\\\"C:\\\\Users\\\\dunis\\\\Projet0\\\\vendor\\\\symfony\\\\mailer\\\\Transport\\\\Smtp\\\\Stream\\\\SocketStream.php\\\";}i:3;a:2:{i:0;s:7:\\\"integer\\\";i:1;i:157;}}}i:2;a:8:{s:9:\\\"namespace\\\";s:0:\\\"\\\";s:11:\\\"short_class\\\";s:0:\\\"\\\";s:5:\\\"class\\\";s:0:\\\"\\\";s:4:\\\"type\\\";s:0:\\\"\\\";s:8:\\\"function\\\";s:20:\\\"stream_socket_client\\\";s:4:\\\"file\\\";s:83:\\\"C:\\\\Users\\\\dunis\\\\Projet0\\\\vendor\\\\symfony\\\\mailer\\\\Transport\\\\Smtp\\\\Stream\\\\SocketStream.php\\\";s:4:\\\"line\\\";i:157;s:4:\\\"args\\\";a:6:{i:0;a:2:{i:0;s:6:\\\"string\\\";i:1;s:29:\\\"sandbox.smtp.mailtrap.io:2525\\\";}i:1;a:2:{i:0;s:7:\\\"integer\\\";i:1;i:0;}i:2;a:2:{i:0;s:6:\\\"string\\\";i:1;s:0:\\\"\\\";}i:3;a:2:{i:0;s:5:\\\"float\\\";i:1;d:60;}i:4;a:2:{i:0;s:7:\\\"integer\\\";i:1;i:4;}i:5;a:2:{i:0;s:8:\\\"resource\\\";i:1;s:14:\\\"stream-context\\\";}}}i:3;a:8:{s:9:\\\"namespace\\\";s:46:\\\"Symfony\\\\Component\\\\Mailer\\\\Transport\\\\Smtp\\\\Stream\\\";s:11:\\\"short_class\\\";s:12:\\\"SocketStream\\\";s:5:\\\"class\\\";s:59:\\\"Symfony\\\\Component\\\\Mailer\\\\Transport\\\\Smtp\\\\Stream\\\\SocketStream\\\";s:4:\\\"type\\\";s:2:\\\"->\\\";s:8:\\\"function\\\";s:10:\\\"initialize\\\";s:4:\\\"file\\\";s:77:\\\"C:\\\\Users\\\\dunis\\\\Projet0\\\\vendor\\\\symfony\\\\mailer\\\\Transport\\\\Smtp\\\\SmtpTransport.php\\\";s:4:\\\"line\\\";i:279;s:4:\\\"args\\\";a:0:{}}i:4;a:8:{s:9:\\\"namespace\\\";s:39:\\\"Symfony\\\\Component\\\\Mailer\\\\Transport\\\\Smtp\\\";s:11:\\\"short_class\\\";s:13:\\\"SmtpTransport\\\";s:5:\\\"class\\\";s:53:\\\"Symfony\\\\Component\\\\Mailer\\\\Transport\\\\Smtp\\\\SmtpTransport\\\";s:4:\\\"type\\\";s:2:\\\"->\\\";s:8:\\\"function\\\";s:5:\\\"start\\\";s:4:\\\"file\\\";s:77:\\\"C:\\\\Users\\\\dunis\\\\Projet0\\\\vendor\\\\symfony\\\\mailer\\\\Transport\\\\Smtp\\\\SmtpTransport.php\\\";s:4:\\\"line\\\";i:211;s:4:\\\"args\\\";a:0:{}}i:5;a:8:{s:9:\\\"namespace\\\";s:39:\\\"Symfony\\\\Component\\\\Mailer\\\\Transport\\\\Smtp\\\";s:11:\\\"short_class\\\";s:13:\\\"SmtpTransport\\\";s:5:\\\"class\\\";s:53:\\\"Symfony\\\\Component\\\\Mailer\\\\Transport\\\\Smtp\\\\SmtpTransport\\\";s:4:\\\"type\\\";s:2:\\\"->\\\";s:8:\\\"function\\\";s:6:\\\"doSend\\\";s:4:\\\"file\\\";s:76:\\\"C:\\\\Users\\\\dunis\\\\Projet0\\\\vendor\\\\symfony\\\\mailer\\\\Transport\\\\AbstractTransport.php\\\";s:4:\\\"line\\\";i:90;s:4:\\\"args\\\";a:1:{i:0;a:2:{i:0;s:6:\\\"object\\\";i:1;s:36:\\\"Symfony\\\\Component\\\\Mailer\\\\SentMessage\\\";}}}i:6;a:8:{s:9:\\\"namespace\\\";s:34:\\\"Symfony\\\\Component\\\\Mailer\\\\Transport\\\";s:11:\\\"short_class\\\";s:17:\\\"AbstractTransport\\\";s:5:\\\"class\\\";s:52:\\\"Symfony\\\\Component\\\\Mailer\\\\Transport\\\\AbstractTransport\\\";s:4:\\\"type\\\";s:2:\\\"->\\\";s:8:\\\"function\\\";s:4:\\\"send\\\";s:4:\\\"file\\\";s:77:\\\"C:\\\\Users\\\\dunis\\\\Projet0\\\\vendor\\\\symfony\\\\mailer\\\\Transport\\\\Smtp\\\\SmtpTransport.php\\\";s:4:\\\"line\\\";i:138;s:4:\\\"args\\\";a:2:{i:0;a:2:{i:0;s:6:\\\"object\\\";i:1;s:39:\\\"Symfony\\\\Bridge\\\\Twig\\\\Mime\\\\TemplatedEmail\\\";}i:1;a:2:{i:0;s:6:\\\"object\\\";i:1;s:40:\\\"Symfony\\\\Component\\\\Mailer\\\\DelayedEnvelope\\\";}}}i:7;a:8:{s:9:\\\"namespace\\\";s:39:\\\"Symfony\\\\Component\\\\Mailer\\\\Transport\\\\Smtp\\\";s:11:\\\"short_class\\\";s:13:\\\"SmtpTransport\\\";s:5:\\\"class\\\";s:53:\\\"Symfony\\\\Component\\\\Mailer\\\\Transport\\\\Smtp\\\\SmtpTransport\\\";s:4:\\\"type\\\";s:2:\\\"->\\\";s:8:\\\"function\\\";s:4:\\\"send\\\";s:4:\\\"file\\\";s:69:\\\"C:\\\\Users\\\\dunis\\\\Projet0\\\\vendor\\\\symfony\\\\mailer\\\\Transport\\\\Transports.php\\\";s:4:\\\"line\\\";i:51;s:4:\\\"args\\\";a:2:{i:0;a:2:{i:0;s:6:\\\"object\\\";i:1;s:39:\\\"Symfony\\\\Bridge\\\\Twig\\\\Mime\\\\TemplatedEmail\\\";}i:1;a:2:{i:0;s:4:\\\"null\\\";i:1;N;}}}i:8;a:8:{s:9:\\\"namespace\\\";s:34:\\\"Symfony\\\\Component\\\\Mailer\\\\Transport\\\";s:11:\\\"short_class\\\";s:10:\\\"Transports\\\";s:5:\\\"class\\\";s:45:\\\"Symfony\\\\Component\\\\Mailer\\\\Transport\\\\Transports\\\";s:4:\\\"type\\\";s:2:\\\"->\\\";s:8:\\\"function\\\";s:4:\\\"send\\\";s:4:\\\"file\\\";s:73:\\\"C:\\\\Users\\\\dunis\\\\Projet0\\\\vendor\\\\symfony\\\\mailer\\\\Messenger\\\\MessageHandler.php\\\";s:4:\\\"line\\\";i:29;s:4:\\\"args\\\";a:2:{i:0;a:2:{i:0;s:6:\\\"object\\\";i:1;s:39:\\\"Symfony\\\\Bridge\\\\Twig\\\\Mime\\\\TemplatedEmail\\\";}i:1;a:2:{i:0;s:4:\\\"null\\\";i:1;N;}}}i:9;a:8:{s:9:\\\"namespace\\\";s:34:\\\"Symfony\\\\Component\\\\Mailer\\\\Messenger\\\";s:11:\\\"short_class\\\";s:14:\\\"MessageHandler\\\";s:5:\\\"class\\\";s:49:\\\"Symfony\\\\Component\\\\Mailer\\\\Messenger\\\\MessageHandler\\\";s:4:\\\"type\\\";s:2:\\\"->\\\";s:8:\\\"function\\\";s:8:\\\"__invoke\\\";s:4:\\\"file\\\";s:86:\\\"C:\\\\Users\\\\dunis\\\\Projet0\\\\vendor\\\\symfony\\\\messenger\\\\Middleware\\\\HandleMessageMiddleware.php\\\";s:4:\\\"line\\\";i:152;s:4:\\\"args\\\";a:1:{i:0;a:2:{i:0;s:6:\\\"object\\\";i:1;s:51:\\\"Symfony\\\\Component\\\\Mailer\\\\Messenger\\\\SendEmailMessage\\\";}}}i:10;a:8:{s:9:\\\"namespace\\\";s:38:\\\"Symfony\\\\Component\\\\Messenger\\\\Middleware\\\";s:11:\\\"short_class\\\";s:23:\\\"HandleMessageMiddleware\\\";s:5:\\\"class\\\";s:62:\\\"Symfony\\\\Component\\\\Messenger\\\\Middleware\\\\HandleMessageMiddleware\\\";s:4:\\\"type\\\";s:2:\\\"->\\\";s:8:\\\"function\\\";s:11:\\\"callHandler\\\";s:4:\\\"file\\\";s:86:\\\"C:\\\\Users\\\\dunis\\\\Projet0\\\\vendor\\\\symfony\\\\messenger\\\\Middleware\\\\HandleMessageMiddleware.php\\\";s:4:\\\"line\\\";i:91;s:4:\\\"args\\\";a:4:{i:0;a:2:{i:0;s:6:\\\"object\\\";i:1;s:7:\\\"Closure\\\";}i:1;a:2:{i:0;s:6:\\\"object\\\";i:1;s:51:\\\"Symfony\\\\Component\\\\Mailer\\\\Messenger\\\\SendEmailMessage\\\";}i:2;a:2:{i:0;s:4:\\\"null\\\";i:1;N;}i:3;a:2:{i:0;s:4:\\\"null\\\";i:1;N;}}}i:11;a:8:{s:9:\\\"namespace\\\";s:38:\\\"Symfony\\\\Component\\\\Messenger\\\\Middleware\\\";s:11:\\\"short_class\\\";s:23:\\\"HandleMessageMiddleware\\\";s:5:\\\"class\\\";s:62:\\\"Symfony\\\\Component\\\\Messenger\\\\Middleware\\\\HandleMessageMiddleware\\\";s:4:\\\"type\\\";s:2:\\\"->\\\";s:8:\\\"function\\\";s:6:\\\"handle\\\";s:4:\\\"file\\\";s:84:\\\"C:\\\\Users\\\\dunis\\\\Projet0\\\\vendor\\\\symfony\\\\messenger\\\\Middleware\\\\SendMessageMiddleware.php\\\";s:4:\\\"line\\\";i:71;s:4:\\\"args\\\";a:2:{i:0;a:2:{i:0;s:6:\\\"object\\\";i:1;s:36:\\\"Symfony\\\\Component\\\\Messenger\\\\Envelope\\\";}i:1;a:2:{i:0;s:6:\\\"object\\\";i:1;s:53:\\\"Symfony\\\\Component\\\\Messenger\\\\Middleware\\\\TraceableStack\\\";}}}i:12;a:8:{s:9:\\\"namespace\\\";s:38:\\\"Symfony\\\\Component\\\\Messenger\\\\Middleware\\\";s:11:\\\"short_class\\\";s:21:\\\"SendMessageMiddleware\\\";s:5:\\\"class\\\";s:60:\\\"Symfony\\\\Component\\\\Messenger\\\\Middleware\\\\SendMessageMiddleware\\\";s:4:\\\"type\\\";s:2:\\\"->\\\";s:8:\\\"function\\\";s:6:\\\"handle\\\";s:4:\\\"file\\\";s:96:\\\"C:\\\\Users\\\\dunis\\\\Projet0\\\\vendor\\\\symfony\\\\messenger\\\\Middleware\\\\FailedMessageProcessingMiddleware.php\\\";s:4:\\\"line\\\";i:34;s:4:\\\"args\\\";a:2:{i:0;a:2:{i:0;s:6:\\\"object\\\";i:1;s:36:\\\"Symfony\\\\Component\\\\Messenger\\\\Envelope\\\";}i:1;a:2:{i:0;s:6:\\\"object\\\";i:1;s:53:\\\"Symfony\\\\Component\\\\Messenger\\\\Middleware\\\\TraceableStack\\\";}}}i:13;a:8:{s:9:\\\"namespace\\\";s:38:\\\"Symfony\\\\Component\\\\Messenger\\\\Middleware\\\";s:11:\\\"short_class\\\";s:33:\\\"FailedMessageProcessingMiddleware\\\";s:5:\\\"class\\\";s:72:\\\"Symfony\\\\Component\\\\Messenger\\\\Middleware\\\\FailedMessageProcessingMiddleware\\\";s:4:\\\"type\\\";s:2:\\\"->\\\";s:8:\\\"function\\\";s:6:\\\"handle\\\";s:4:\\\"file\\\";s:96:\\\"C:\\\\Users\\\\dunis\\\\Projet0\\\\vendor\\\\symfony\\\\messenger\\\\Middleware\\\\DispatchAfterCurrentBusMiddleware.php\\\";s:4:\\\"line\\\";i:68;s:4:\\\"args\\\";a:2:{i:0;a:2:{i:0;s:6:\\\"object\\\";i:1;s:36:\\\"Symfony\\\\Component\\\\Messenger\\\\Envelope\\\";}i:1;a:2:{i:0;s:6:\\\"object\\\";i:1;s:53:\\\"Symfony\\\\Component\\\\Messenger\\\\Middleware\\\\TraceableStack\\\";}}}i:14;a:8:{s:9:\\\"namespace\\\";s:38:\\\"Symfony\\\\Component\\\\Messenger\\\\Middleware\\\";s:11:\\\"short_class\\\";s:33:\\\"DispatchAfterCurrentBusMiddleware\\\";s:5:\\\"class\\\";s:72:\\\"Symfony\\\\Component\\\\Messenger\\\\Middleware\\\\DispatchAfterCurrentBusMiddleware\\\";s:4:\\\"type\\\";s:2:\\\"->\\\";s:8:\\\"function\\\";s:6:\\\"handle\\\";s:4:\\\"file\\\";s:97:\\\"C:\\\\Users\\\\dunis\\\\Projet0\\\\vendor\\\\symfony\\\\messenger\\\\Middleware\\\\RejectRedeliveredMessageMiddleware.php\\\";s:4:\\\"line\\\";i:41;s:4:\\\"args\\\";a:2:{i:0;a:2:{i:0;s:6:\\\"object\\\";i:1;s:36:\\\"Symfony\\\\Component\\\\Messenger\\\\Envelope\\\";}i:1;a:2:{i:0;s:6:\\\"object\\\";i:1;s:53:\\\"Symfony\\\\Component\\\\Messenger\\\\Middleware\\\\TraceableStack\\\";}}}i:15;a:8:{s:9:\\\"namespace\\\";s:38:\\\"Symfony\\\\Component\\\\Messenger\\\\Middleware\\\";s:11:\\\"short_class\\\";s:34:\\\"RejectRedeliveredMessageMiddleware\\\";s:5:\\\"class\\\";s:73:\\\"Symfony\\\\Component\\\\Messenger\\\\Middleware\\\\RejectRedeliveredMessageMiddleware\\\";s:4:\\\"type\\\";s:2:\\\"->\\\";s:8:\\\"function\\\";s:6:\\\"handle\\\";s:4:\\\"file\\\";s:88:\\\"C:\\\\Users\\\\dunis\\\\Projet0\\\\vendor\\\\symfony\\\\messenger\\\\Middleware\\\\AddBusNameStampMiddleware.php\\\";s:4:\\\"line\\\";i:35;s:4:\\\"args\\\";a:2:{i:0;a:2:{i:0;s:6:\\\"object\\\";i:1;s:36:\\\"Symfony\\\\Component\\\\Messenger\\\\Envelope\\\";}i:1;a:2:{i:0;s:6:\\\"object\\\";i:1;s:53:\\\"Symfony\\\\Component\\\\Messenger\\\\Middleware\\\\TraceableStack\\\";}}}i:16;a:8:{s:9:\\\"namespace\\\";s:38:\\\"Symfony\\\\Component\\\\Messenger\\\\Middleware\\\";s:11:\\\"short_class\\\";s:25:\\\"AddBusNameStampMiddleware\\\";s:5:\\\"class\\\";s:64:\\\"Symfony\\\\Component\\\\Messenger\\\\Middleware\\\\AddBusNameStampMiddleware\\\";s:4:\\\"type\\\";s:2:\\\"->\\\";s:8:\\\"function\\\";s:6:\\\"handle\\\";s:4:\\\"file\\\";s:82:\\\"C:\\\\Users\\\\dunis\\\\Projet0\\\\vendor\\\\symfony\\\\messenger\\\\Middleware\\\\TraceableMiddleware.php\\\";s:4:\\\"line\\\";i:36;s:4:\\\"args\\\";a:2:{i:0;a:2:{i:0;s:6:\\\"object\\\";i:1;s:36:\\\"Symfony\\\\Component\\\\Messenger\\\\Envelope\\\";}i:1;a:2:{i:0;s:6:\\\"object\\\";i:1;s:53:\\\"Symfony\\\\Component\\\\Messenger\\\\Middleware\\\\TraceableStack\\\";}}}i:17;a:8:{s:9:\\\"namespace\\\";s:38:\\\"Symfony\\\\Component\\\\Messenger\\\\Middleware\\\";s:11:\\\"short_class\\\";s:19:\\\"TraceableMiddleware\\\";s:5:\\\"class\\\";s:58:\\\"Symfony\\\\Component\\\\Messenger\\\\Middleware\\\\TraceableMiddleware\\\";s:4:\\\"type\\\";s:2:\\\"->\\\";s:8:\\\"function\\\";s:6:\\\"handle\\\";s:4:\\\"file\\\";s:62:\\\"C:\\\\Users\\\\dunis\\\\Projet0\\\\vendor\\\\symfony\\\\messenger\\\\MessageBus.php\\\";s:4:\\\"line\\\";i:69;s:4:\\\"args\\\";a:2:{i:0;a:2:{i:0;s:6:\\\"object\\\";i:1;s:36:\\\"Symfony\\\\Component\\\\Messenger\\\\Envelope\\\";}i:1;a:2:{i:0;s:6:\\\"object\\\";i:1;s:53:\\\"Symfony\\\\Component\\\\Messenger\\\\Middleware\\\\TraceableStack\\\";}}}i:18;a:8:{s:9:\\\"namespace\\\";s:27:\\\"Symfony\\\\Component\\\\Messenger\\\";s:11:\\\"short_class\\\";s:10:\\\"MessageBus\\\";s:5:\\\"class\\\";s:38:\\\"Symfony\\\\Component\\\\Messenger\\\\MessageBus\\\";s:4:\\\"type\\\";s:2:\\\"->\\\";s:8:\\\"function\\\";s:8:\\\"dispatch\\\";s:4:\\\"file\\\";s:71:\\\"C:\\\\Users\\\\dunis\\\\Projet0\\\\vendor\\\\symfony\\\\messenger\\\\TraceableMessageBus.php\\\";s:4:\\\"line\\\";i:37;s:4:\\\"args\\\";a:2:{i:0;a:2:{i:0;s:6:\\\"object\\\";i:1;s:36:\\\"Symfony\\\\Component\\\\Messenger\\\\Envelope\\\";}i:1;a:2:{i:0;s:5:\\\"array\\\";i:1;a:0:{}}}}i:19;a:8:{s:9:\\\"namespace\\\";s:27:\\\"Symfony\\\\Component\\\\Messenger\\\";s:11:\\\"short_class\\\";s:19:\\\"TraceableMessageBus\\\";s:5:\\\"class\\\";s:47:\\\"Symfony\\\\Component\\\\Messenger\\\\TraceableMessageBus\\\";s:4:\\\"type\\\";s:2:\\\"->\\\";s:8:\\\"function\\\";s:8:\\\"dispatch\\\";s:4:\\\"file\\\";s:70:\\\"C:\\\\Users\\\\dunis\\\\Projet0\\\\vendor\\\\symfony\\\\messenger\\\\RoutableMessageBus.php\\\";s:4:\\\"line\\\";i:51;s:4:\\\"args\\\";a:2:{i:0;a:2:{i:0;s:6:\\\"object\\\";i:1;s:36:\\\"Symfony\\\\Component\\\\Messenger\\\\Envelope\\\";}i:1;a:2:{i:0;s:5:\\\"array\\\";i:1;a:0:{}}}}i:20;a:8:{s:9:\\\"namespace\\\";s:27:\\\"Symfony\\\\Component\\\\Messenger\\\";s:11:\\\"short_class\\\";s:18:\\\"RoutableMessageBus\\\";s:5:\\\"class\\\";s:46:\\\"Symfony\\\\Component\\\\Messenger\\\\RoutableMessageBus\\\";s:4:\\\"type\\\";s:2:\\\"->\\\";s:8:\\\"function\\\";s:8:\\\"dispatch\\\";s:4:\\\"file\\\";s:58:\\\"C:\\\\Users\\\\dunis\\\\Projet0\\\\vendor\\\\symfony\\\\messenger\\\\Worker.php\\\";s:4:\\\"line\\\";i:170;s:4:\\\"args\\\";a:1:{i:0;a:2:{i:0;s:6:\\\"object\\\";i:1;s:36:\\\"Symfony\\\\Component\\\\Messenger\\\\Envelope\\\";}}}i:21;a:8:{s:9:\\\"namespace\\\";s:27:\\\"Symfony\\\\Component\\\\Messenger\\\";s:11:\\\"short_class\\\";s:6:\\\"Worker\\\";s:5:\\\"class\\\";s:34:\\\"Symfony\\\\Component\\\\Messenger\\\\Worker\\\";s:4:\\\"type\\\";s:2:\\\"->\\\";s:8:\\\"function\\\";s:13:\\\"handleMessage\\\";s:4:\\\"file\\\";s:58:\\\"C:\\\\Users\\\\dunis\\\\Projet0\\\\vendor\\\\symfony\\\\messenger\\\\Worker.php\\\";s:4:\\\"line\\\";i:119;s:4:\\\"args\\\";a:2:{i:0;a:2:{i:0;s:6:\\\"object\\\";i:1;s:36:\\\"Symfony\\\\Component\\\\Messenger\\\\Envelope\\\";}i:1;a:2:{i:0;s:6:\\\"string\\\";i:1;s:5:\\\"async\\\";}}}i:22;a:8:{s:9:\\\"namespace\\\";s:27:\\\"Symfony\\\\Component\\\\Messenger\\\";s:11:\\\"short_class\\\";s:6:\\\"Worker\\\";s:5:\\\"class\\\";s:34:\\\"Symfony\\\\Component\\\\Messenger\\\\Worker\\\";s:4:\\\"type\\\";s:2:\\\"->\\\";s:8:\\\"function\\\";s:3:\\\"run\\\";s:4:\\\"file\\\";s:82:\\\"C:\\\\Users\\\\dunis\\\\Projet0\\\\vendor\\\\symfony\\\\messenger\\\\Command\\\\ConsumeMessagesCommand.php\\\";s:4:\\\"line\\\";i:260;s:4:\\\"args\\\";a:1:{i:0;a:2:{i:0;s:5:\\\"array\\\";i:1;a:1:{s:5:\\\"sleep\\\";a:2:{i:0;s:7:\\\"integer\\\";i:1;i:1000000;}}}}}i:23;a:8:{s:9:\\\"namespace\\\";s:35:\\\"Symfony\\\\Component\\\\Messenger\\\\Command\\\";s:11:\\\"short_class\\\";s:22:\\\"ConsumeMessagesCommand\\\";s:5:\\\"class\\\";s:58:\\\"Symfony\\\\Component\\\\Messenger\\\\Command\\\\ConsumeMessagesCommand\\\";s:4:\\\"type\\\";s:2:\\\"->\\\";s:8:\\\"function\\\";s:7:\\\"execute\\\";s:4:\\\"file\\\";s:65:\\\"C:\\\\Users\\\\dunis\\\\Projet0\\\\vendor\\\\symfony\\\\console\\\\Command\\\\Command.php\\\";s:4:\\\"line\\\";i:279;s:4:\\\"args\\\";a:2:{i:0;a:2:{i:0;s:6:\\\"object\\\";i:1;s:41:\\\"Symfony\\\\Component\\\\Console\\\\Input\\\\ArgvInput\\\";}i:1;a:2:{i:0;s:6:\\\"object\\\";i:1;s:46:\\\"Symfony\\\\Component\\\\Console\\\\Output\\\\ConsoleOutput\\\";}}}i:24;a:8:{s:9:\\\"namespace\\\";s:33:\\\"Symfony\\\\Component\\\\Console\\\\Command\\\";s:11:\\\"short_class\\\";s:7:\\\"Command\\\";s:5:\\\"class\\\";s:41:\\\"Symfony\\\\Component\\\\Console\\\\Command\\\\Command\\\";s:4:\\\"type\\\";s:2:\\\"->\\\";s:8:\\\"function\\\";s:3:\\\"run\\\";s:4:\\\"file\\\";s:61:\\\"C:\\\\Users\\\\dunis\\\\Projet0\\\\vendor\\\\symfony\\\\console\\\\Application.php\\\";s:4:\\\"line\\\";i:1094;s:4:\\\"args\\\";a:2:{i:0;a:2:{i:0;s:6:\\\"object\\\";i:1;s:41:\\\"Symfony\\\\Component\\\\Console\\\\Input\\\\ArgvInput\\\";}i:1;a:2:{i:0;s:6:\\\"object\\\";i:1;s:46:\\\"Symfony\\\\Component\\\\Console\\\\Output\\\\ConsoleOutput\\\";}}}i:25;a:8:{s:9:\\\"namespace\\\";s:25:\\\"Symfony\\\\Component\\\\Console\\\";s:11:\\\"short_class\\\";s:11:\\\"Application\\\";s:5:\\\"class\\\";s:37:\\\"Symfony\\\\Component\\\\Console\\\\Application\\\";s:4:\\\"type\\\";s:2:\\\"->\\\";s:8:\\\"function\\\";s:12:\\\"doRunCommand\\\";s:4:\\\"file\\\";s:78:\\\"C:\\\\Users\\\\dunis\\\\Projet0\\\\vendor\\\\symfony\\\\framework-bundle\\\\Console\\\\Application.php\\\";s:4:\\\"line\\\";i:123;s:4:\\\"args\\\";a:3:{i:0;a:2:{i:0;s:6:\\\"object\\\";i:1;s:58:\\\"Symfony\\\\Component\\\\Messenger\\\\Command\\\\ConsumeMessagesCommand\\\";}i:1;a:2:{i:0;s:6:\\\"object\\\";i:1;s:41:\\\"Symfony\\\\Component\\\\Console\\\\Input\\\\ArgvInput\\\";}i:2;a:2:{i:0;s:6:\\\"object\\\";i:1;s:46:\\\"Symfony\\\\Component\\\\Console\\\\Output\\\\ConsoleOutput\\\";}}}i:26;a:8:{s:9:\\\"namespace\\\";s:38:\\\"Symfony\\\\Bundle\\\\FrameworkBundle\\\\Console\\\";s:11:\\\"short_class\\\";s:11:\\\"Application\\\";s:5:\\\"class\\\";s:50:\\\"Symfony\\\\Bundle\\\\FrameworkBundle\\\\Console\\\\Application\\\";s:4:\\\"type\\\";s:2:\\\"->\\\";s:8:\\\"function\\\";s:12:\\\"doRunCommand\\\";s:4:\\\"file\\\";s:61:\\\"C:\\\\Users\\\\dunis\\\\Projet0\\\\vendor\\\\symfony\\\\console\\\\Application.php\\\";s:4:\\\"line\\\";i:342;s:4:\\\"args\\\";a:3:{i:0;a:2:{i:0;s:6:\\\"object\\\";i:1;s:58:\\\"Symfony\\\\Component\\\\Messenger\\\\Command\\\\ConsumeMessagesCommand\\\";}i:1;a:2:{i:0;s:6:\\\"object\\\";i:1;s:41:\\\"Symfony\\\\Component\\\\Console\\\\Input\\\\ArgvInput\\\";}i:2;a:2:{i:0;s:6:\\\"object\\\";i:1;s:46:\\\"Symfony\\\\Component\\\\Console\\\\Output\\\\ConsoleOutput\\\";}}}i:27;a:8:{s:9:\\\"namespace\\\";s:25:\\\"Symfony\\\\Component\\\\Console\\\";s:11:\\\"short_class\\\";s:11:\\\"Application\\\";s:5:\\\"class\\\";s:37:\\\"Symfony\\\\Component\\\\Console\\\\Application\\\";s:4:\\\"type\\\";s:2:\\\"->\\\";s:8:\\\"function\\\";s:5:\\\"doRun\\\";s:4:\\\"file\\\";s:78:\\\"C:\\\\Users\\\\dunis\\\\Projet0\\\\vendor\\\\symfony\\\\framework-bundle\\\\Console\\\\Application.php\\\";s:4:\\\"line\\\";i:77;s:4:\\\"args\\\";a:2:{i:0;a:2:{i:0;s:6:\\\"object\\\";i:1;s:41:\\\"Symfony\\\\Component\\\\Console\\\\Input\\\\ArgvInput\\\";}i:1;a:2:{i:0;s:6:\\\"object\\\";i:1;s:46:\\\"Symfony\\\\Component\\\\Console\\\\Output\\\\ConsoleOutput\\\";}}}i:28;a:8:{s:9:\\\"namespace\\\";s:38:\\\"Symfony\\\\Bundle\\\\FrameworkBundle\\\\Console\\\";s:11:\\\"short_class\\\";s:11:\\\"Application\\\";s:5:\\\"class\\\";s:50:\\\"Symfony\\\\Bundle\\\\FrameworkBundle\\\\Console\\\\Application\\\";s:4:\\\"type\\\";s:2:\\\"->\\\";s:8:\\\"function\\\";s:5:\\\"doRun\\\";s:4:\\\"file\\\";s:61:\\\"C:\\\\Users\\\\dunis\\\\Projet0\\\\vendor\\\\symfony\\\\console\\\\Application.php\\\";s:4:\\\"line\\\";i:193;s:4:\\\"args\\\";a:2:{i:0;a:2:{i:0;s:6:\\\"object\\\";i:1;s:41:\\\"Symfony\\\\Component\\\\Console\\\\Input\\\\ArgvInput\\\";}i:1;a:2:{i:0;s:6:\\\"object\\\";i:1;s:46:\\\"Symfony\\\\Component\\\\Console\\\\Output\\\\ConsoleOutput\\\";}}}i:29;a:8:{s:9:\\\"namespace\\\";s:25:\\\"Symfony\\\\Component\\\\Console\\\";s:11:\\\"short_class\\\";s:11:\\\"Application\\\";s:5:\\\"class\\\";s:37:\\\"Symfony\\\\Component\\\\Console\\\\Application\\\";s:4:\\\"type\\\";s:2:\\\"->\\\";s:8:\\\"function\\\";s:3:\\\"run\\\";s:4:\\\"file\\\";s:89:\\\"C:\\\\Users\\\\dunis\\\\Projet0\\\\vendor\\\\symfony\\\\runtime\\\\Runner\\\\Symfony\\\\ConsoleApplicationRunner.php\\\";s:4:\\\"line\\\";i:49;s:4:\\\"args\\\";a:2:{i:0;a:2:{i:0;s:6:\\\"object\\\";i:1;s:41:\\\"Symfony\\\\Component\\\\Console\\\\Input\\\\ArgvInput\\\";}i:1;a:2:{i:0;s:6:\\\"object\\\";i:1;s:46:\\\"Symfony\\\\Component\\\\Console\\\\Output\\\\ConsoleOutput\\\";}}}i:30;a:8:{s:9:\\\"namespace\\\";s:40:\\\"Symfony\\\\Component\\\\Runtime\\\\Runner\\\\Symfony\\\";s:11:\\\"short_class\\\";s:24:\\\"ConsoleApplicationRunner\\\";s:5:\\\"class\\\";s:65:\\\"Symfony\\\\Component\\\\Runtime\\\\Runner\\\\Symfony\\\\ConsoleApplicationRunner\\\";s:4:\\\"type\\\";s:2:\\\"->\\\";s:8:\\\"function\\\";s:3:\\\"run\\\";s:4:\\\"file\\\";s:50:\\\"C:\\\\Users\\\\dunis\\\\Projet0\\\\vendor\\\\autoload_runtime.php\\\";s:4:\\\"line\\\";i:29;s:4:\\\"args\\\";a:0:{}}i:31;a:8:{s:9:\\\"namespace\\\";s:0:\\\"\\\";s:11:\\\"short_class\\\";s:0:\\\"\\\";s:5:\\\"class\\\";s:0:\\\"\\\";s:4:\\\"type\\\";s:0:\\\"\\\";s:8:\\\"function\\\";s:12:\\\"require_once\\\";s:4:\\\"file\\\";s:34:\\\"C:\\\\Users\\\\dunis\\\\Projet0\\\\bin\\\\console\\\";s:4:\\\"line\\\";i:15;s:4:\\\"args\\\";a:1:{i:0;a:2:{i:0;s:6:\\\"string\\\";i:1;s:50:\\\"C:\\\\Users\\\\dunis\\\\Projet0\\\\vendor\\\\autoload_runtime.php\\\";}}}}s:72:\\\"\\0Symfony\\\\Component\\\\ErrorHandler\\\\Exception\\\\FlattenException\\0traceAsString\\\";s:6856:\\\"#0 [internal function]: Symfony\\\\Component\\\\Mailer\\\\Transport\\\\Smtp\\\\Stream\\\\SocketStream->Symfony\\\\Component\\\\Mailer\\\\Transport\\\\Smtp\\\\Stream\\\\{closure}(2, \\\'stream_socket_c...\\\', \\\'C:\\\\\\\\Users\\\\\\\\dunis\\\\\\\\...\\\', 157)\n#1 C:\\\\Users\\\\dunis\\\\Projet0\\\\vendor\\\\symfony\\\\mailer\\\\Transport\\\\Smtp\\\\Stream\\\\SocketStream.php(157): stream_socket_client(\\\'sandbox.smtp.ma...\\\', 0, \\\'\\\', 60.0, 4, Resource id #1081)\n#2 C:\\\\Users\\\\dunis\\\\Projet0\\\\vendor\\\\symfony\\\\mailer\\\\Transport\\\\Smtp\\\\SmtpTransport.php(279): Symfony\\\\Component\\\\Mailer\\\\Transport\\\\Smtp\\\\Stream\\\\SocketStream->initialize()\n#3 C:\\\\Users\\\\dunis\\\\Projet0\\\\vendor\\\\symfony\\\\mailer\\\\Transport\\\\Smtp\\\\SmtpTransport.php(211): Symfony\\\\Component\\\\Mailer\\\\Transport\\\\Smtp\\\\SmtpTransport->start()\n#4 C:\\\\Users\\\\dunis\\\\Projet0\\\\vendor\\\\symfony\\\\mailer\\\\Transport\\\\AbstractTransport.php(90): Symfony\\\\Component\\\\Mailer\\\\Transport\\\\Smtp\\\\SmtpTransport->doSend(Object(Symfony\\\\Component\\\\Mailer\\\\SentMessage))\n#5 C:\\\\Users\\\\dunis\\\\Projet0\\\\vendor\\\\symfony\\\\mailer\\\\Transport\\\\Smtp\\\\SmtpTransport.php(138): Symfony\\\\Component\\\\Mailer\\\\Transport\\\\AbstractTransport->send(Object(Symfony\\\\Bridge\\\\Twig\\\\Mime\\\\TemplatedEmail), Object(Symfony\\\\Component\\\\Mailer\\\\DelayedEnvelope))\n#6 C:\\\\Users\\\\dunis\\\\Projet0\\\\vendor\\\\symfony\\\\mailer\\\\Transport\\\\Transports.php(51): Symfony\\\\Component\\\\Mailer\\\\Transport\\\\Smtp\\\\SmtpTransport->send(Object(Symfony\\\\Bridge\\\\Twig\\\\Mime\\\\TemplatedEmail), NULL)\n#7 C:\\\\Users\\\\dunis\\\\Projet0\\\\vendor\\\\symfony\\\\mailer\\\\Messenger\\\\MessageHandler.php(29): Symfony\\\\Component\\\\Mailer\\\\Transport\\\\Transports->send(Object(Symfony\\\\Bridge\\\\Twig\\\\Mime\\\\TemplatedEmail), NULL)\n#8 C:\\\\Users\\\\dunis\\\\Projet0\\\\vendor\\\\symfony\\\\messenger\\\\Middleware\\\\HandleMessageMiddleware.php(152): Symfony\\\\Component\\\\Mailer\\\\Messenger\\\\MessageHandler->__invoke(Object(Symfony\\\\Component\\\\Mailer\\\\Messenger\\\\SendEmailMessage))\n#9 C:\\\\Users\\\\dunis\\\\Projet0\\\\vendor\\\\symfony\\\\messenger\\\\Middleware\\\\HandleMessageMiddleware.php(91): Symfony\\\\Component\\\\Messenger\\\\Middleware\\\\HandleMessageMiddleware->callHandler(Object(Closure), Object(Symfony\\\\Component\\\\Mailer\\\\Messenger\\\\SendEmailMessage), NULL, NULL)\n#10 C:\\\\Users\\\\dunis\\\\Projet0\\\\vendor\\\\symfony\\\\messenger\\\\Middleware\\\\SendMessageMiddleware.php(71): Symfony\\\\Component\\\\Messenger\\\\Middleware\\\\HandleMessageMiddleware->handle(Object(Symfony\\\\Component\\\\Messenger\\\\Envelope), Object(Symfony\\\\Component\\\\Messenger\\\\Middleware\\\\TraceableStack))\n#11 C:\\\\Users\\\\dunis\\\\Projet0\\\\vendor\\\\symfony\\\\messenger\\\\Middleware\\\\FailedMessageProcessingMiddleware.php(34): Symfony\\\\Component\\\\Messenger\\\\Middleware\\\\SendMessageMiddleware->handle(Object(Symfony\\\\Component\\\\Messenger\\\\Envelope), Object(Symfony\\\\Component\\\\Messenger\\\\Middleware\\\\TraceableStack))\n#12 C:\\\\Users\\\\dunis\\\\Projet0\\\\vendor\\\\symfony\\\\messenger\\\\Middleware\\\\DispatchAfterCurrentBusMiddleware.php(68): Symfony\\\\Component\\\\Messenger\\\\Middleware\\\\FailedMessageProcessingMiddleware->handle(Object(Symfony\\\\Component\\\\Messenger\\\\Envelope), Object(Symfony\\\\Component\\\\Messenger\\\\Middleware\\\\TraceableStack))\n#13 C:\\\\Users\\\\dunis\\\\Projet0\\\\vendor\\\\symfony\\\\messenger\\\\Middleware\\\\RejectRedeliveredMessageMiddleware.php(41): Symfony\\\\Component\\\\Messenger\\\\Middleware\\\\DispatchAfterCurrentBusMiddleware->handle(Object(Symfony\\\\Component\\\\Messenger\\\\Envelope), Object(Symfony\\\\Component\\\\Messenger\\\\Middleware\\\\TraceableStack))\n#14 C:\\\\Users\\\\dunis\\\\Projet0\\\\vendor\\\\symfony\\\\messenger\\\\Middleware\\\\AddBusNameStampMiddleware.php(35): Symfony\\\\Component\\\\Messenger\\\\Middleware\\\\RejectRedeliveredMessageMiddleware->handle(Object(Symfony\\\\Component\\\\Messenger\\\\Envelope), Object(Symfony\\\\Component\\\\Messenger\\\\Middleware\\\\TraceableStack))\n#15 C:\\\\Users\\\\dunis\\\\Projet0\\\\vendor\\\\symfony\\\\messenger\\\\Middleware\\\\TraceableMiddleware.php(36): Symfony\\\\Component\\\\Messenger\\\\Middleware\\\\AddBusNameStampMiddleware->handle(Object(Symfony\\\\Component\\\\Messenger\\\\Envelope), Object(Symfony\\\\Component\\\\Messenger\\\\Middleware\\\\TraceableStack))\n#16 C:\\\\Users\\\\dunis\\\\Projet0\\\\vendor\\\\symfony\\\\messenger\\\\MessageBus.php(69): Symfony\\\\Component\\\\Messenger\\\\Middleware\\\\TraceableMiddleware->handle(Object(Symfony\\\\Component\\\\Messenger\\\\Envelope), Object(Symfony\\\\Component\\\\Messenger\\\\Middleware\\\\TraceableStack))\n#17 C:\\\\Users\\\\dunis\\\\Projet0\\\\vendor\\\\symfony\\\\messenger\\\\TraceableMessageBus.php(37): Symfony\\\\Component\\\\Messenger\\\\MessageBus->dispatch(Object(Symfony\\\\Component\\\\Messenger\\\\Envelope), Array)\n#18 C:\\\\Users\\\\dunis\\\\Projet0\\\\vendor\\\\symfony\\\\messenger\\\\RoutableMessageBus.php(51): Symfony\\\\Component\\\\Messenger\\\\TraceableMessageBus->dispatch(Object(Symfony\\\\Component\\\\Messenger\\\\Envelope), Array)\n#19 C:\\\\Users\\\\dunis\\\\Projet0\\\\vendor\\\\symfony\\\\messenger\\\\Worker.php(170): Symfony\\\\Component\\\\Messenger\\\\RoutableMessageBus->dispatch(Object(Symfony\\\\Component\\\\Messenger\\\\Envelope))\n#20 C:\\\\Users\\\\dunis\\\\Projet0\\\\vendor\\\\symfony\\\\messenger\\\\Worker.php(119): Symfony\\\\Component\\\\Messenger\\\\Worker->handleMessage(Object(Symfony\\\\Component\\\\Messenger\\\\Envelope), \\\'async\\\')\n#21 C:\\\\Users\\\\dunis\\\\Projet0\\\\vendor\\\\symfony\\\\messenger\\\\Command\\\\ConsumeMessagesCommand.php(260): Symfony\\\\Component\\\\Messenger\\\\Worker->run(Array)\n#22 C:\\\\Users\\\\dunis\\\\Projet0\\\\vendor\\\\symfony\\\\console\\\\Command\\\\Command.php(279): Symfony\\\\Component\\\\Messenger\\\\Command\\\\ConsumeMessagesCommand->execute(Object(Symfony\\\\Component\\\\Console\\\\Input\\\\ArgvInput), Object(Symfony\\\\Component\\\\Console\\\\Output\\\\ConsoleOutput))\n#23 C:\\\\Users\\\\dunis\\\\Projet0\\\\vendor\\\\symfony\\\\console\\\\Application.php(1094): Symfony\\\\Component\\\\Console\\\\Command\\\\Command->run(Object(Symfony\\\\Component\\\\Console\\\\Input\\\\ArgvInput), Object(Symfony\\\\Component\\\\Console\\\\Output\\\\ConsoleOutput))\n#24 C:\\\\Users\\\\dunis\\\\Projet0\\\\vendor\\\\symfony\\\\framework-bundle\\\\Console\\\\Application.php(123): Symfony\\\\Component\\\\Console\\\\Application->doRunCommand(Object(Symfony\\\\Component\\\\Messenger\\\\Command\\\\ConsumeMessagesCommand), Object(Symfony\\\\Component\\\\Console\\\\Input\\\\ArgvInput), Object(Symfony\\\\Component\\\\Console\\\\Output\\\\ConsoleOutput))\n#25 C:\\\\Users\\\\dunis\\\\Projet0\\\\vendor\\\\symfony\\\\console\\\\Application.php(342): Symfony\\\\Bundle\\\\FrameworkBundle\\\\Console\\\\Application->doRunCommand(Object(Symfony\\\\Component\\\\Messenger\\\\Command\\\\ConsumeMessagesCommand), Object(Symfony\\\\Component\\\\Console\\\\Input\\\\ArgvInput), Object(Symfony\\\\Component\\\\Console\\\\Output\\\\ConsoleOutput))\n#26 C:\\\\Users\\\\dunis\\\\Projet0\\\\vendor\\\\symfony\\\\framework-bundle\\\\Console\\\\Application.php(77): Symfony\\\\Component\\\\Console\\\\Application->doRun(Object(Symfony\\\\Component\\\\Console\\\\Input\\\\ArgvInput), Object(Symfony\\\\Component\\\\Console\\\\Output\\\\ConsoleOutput))\n#27 C:\\\\Users\\\\dunis\\\\Projet0\\\\vendor\\\\symfony\\\\console\\\\Application.php(193): Symfony\\\\Bundle\\\\FrameworkBundle\\\\Console\\\\Application->doRun(Object(Symfony\\\\Component\\\\Console\\\\Input\\\\ArgvInput), Object(Symfony\\\\Component\\\\Console\\\\Output\\\\ConsoleOutput))\n#28 C:\\\\Users\\\\dunis\\\\Projet0\\\\vendor\\\\symfony\\\\runtime\\\\Runner\\\\Symfony\\\\ConsoleApplicationRunner.php(49): Symfony\\\\Component\\\\Console\\\\Application->run(Object(Symfony\\\\Component\\\\Console\\\\Input\\\\ArgvInput), Object(Symfony\\\\Component\\\\Console\\\\Output\\\\ConsoleOutput))\n#29 C:\\\\Users\\\\dunis\\\\Projet0\\\\vendor\\\\autoload_runtime.php(29): Symfony\\\\Component\\\\Runtime\\\\Runner\\\\Symfony\\\\ConsoleApplicationRunner->run()\n#30 C:\\\\Users\\\\dunis\\\\Projet0\\\\bin\\\\console(15): require_once(\\\'C:\\\\\\\\Users\\\\\\\\dunis\\\\\\\\...\\\')\n#31 {main}\\\";s:64:\\\"\\0Symfony\\\\Component\\\\ErrorHandler\\\\Exception\\\\FlattenException\\0class\\\";s:53:\\\"Symfony\\\\Component\\\\Mailer\\\\Exception\\\\TransportException\\\";s:69:\\\"\\0Symfony\\\\Component\\\\ErrorHandler\\\\Exception\\\\FlattenException\\0statusCode\\\";i:500;s:69:\\\"\\0Symfony\\\\Component\\\\ErrorHandler\\\\Exception\\\\FlattenException\\0statusText\\\";s:21:\\\"Internal Server Error\\\";s:66:\\\"\\0Symfony\\\\Component\\\\ErrorHandler\\\\Exception\\\\FlattenException\\0headers\\\";a:0:{}s:63:\\\"\\0Symfony\\\\Component\\\\ErrorHandler\\\\Exception\\\\FlattenException\\0file\\\";s:83:\\\"C:\\\\Users\\\\dunis\\\\Projet0\\\\vendor\\\\symfony\\\\mailer\\\\Transport\\\\Smtp\\\\Stream\\\\SocketStream.php\\\";s:63:\\\"\\0Symfony\\\\Component\\\\ErrorHandler\\\\Exception\\\\FlattenException\\0line\\\";i:154;s:67:\\\"\\0Symfony\\\\Component\\\\ErrorHandler\\\\Exception\\\\FlattenException\\0asString\\\";N;}}}s:44:\\\"Symfony\\\\Component\\\\Messenger\\\\Stamp\\\\DelayStamp\\\";a:4:{i:0;O:44:\\\"Symfony\\\\Component\\\\Messenger\\\\Stamp\\\\DelayStamp\\\":1:{s:51:\\\"\\0Symfony\\\\Component\\\\Messenger\\\\Stamp\\\\DelayStamp\\0delay\\\";i:961;}i:1;O:44:\\\"Symfony\\\\Component\\\\Messenger\\\\Stamp\\\\DelayStamp\\\":1:{s:51:\\\"\\0Symfony\\\\Component\\\\Messenger\\\\Stamp\\\\DelayStamp\\0delay\\\";i:1925;}i:2;O:44:\\\"Symfony\\\\Component\\\\Messenger\\\\Stamp\\\\DelayStamp\\\":1:{s:51:\\\"\\0Symfony\\\\Component\\\\Messenger\\\\Stamp\\\\DelayStamp\\0delay\\\";i:4092;}i:3;O:44:\\\"Symfony\\\\Component\\\\Messenger\\\\Stamp\\\\DelayStamp\\\":1:{s:51:\\\"\\0Symfony\\\\Component\\\\Messenger\\\\Stamp\\\\DelayStamp\\0delay\\\";i:0;}}s:49:\\\"Symfony\\\\Component\\\\Messenger\\\\Stamp\\\\RedeliveryStamp\\\";a:4:{i:0;O:49:\\\"Symfony\\\\Component\\\\Messenger\\\\Stamp\\\\RedeliveryStamp\\\":2:{s:64:\\\"\\0Symfony\\\\Component\\\\Messenger\\\\Stamp\\\\RedeliveryStamp\\0redeliveredAt\\\";O:17:\\\"DateTimeImmutable\\\":3:{s:4:\\\"date\\\";s:26:\\\"2025-05-22 15:44:46.957460\\\";s:13:\\\"timezone_type\\\";i:3;s:8:\\\"timezone\\\";s:13:\\\"Europe/Berlin\\\";}s:61:\\\"\\0Symfony\\\\Component\\\\Messenger\\\\Stamp\\\\RedeliveryStamp\\0retryCount\\\";i:1;}i:1;O:49:\\\"Symfony\\\\Component\\\\Messenger\\\\Stamp\\\\RedeliveryStamp\\\":2:{s:64:\\\"\\0Symfony\\\\Component\\\\Messenger\\\\Stamp\\\\RedeliveryStamp\\0redeliveredAt\\\";O:17:\\\"DateTimeImmutable\\\":3:{s:4:\\\"date\\\";s:26:\\\"2025-05-22 15:45:47.201619\\\";s:13:\\\"timezone_type\\\";i:3;s:8:\\\"timezone\\\";s:13:\\\"Europe/Berlin\\\";}s:61:\\\"\\0Symfony\\\\Component\\\\Messenger\\\\Stamp\\\\RedeliveryStamp\\0retryCount\\\";i:2;}i:2;O:49:\\\"Symfony\\\\Component\\\\Messenger\\\\Stamp\\\\RedeliveryStamp\\\":2:{s:64:\\\"\\0Symfony\\\\Component\\\\Messenger\\\\Stamp\\\\RedeliveryStamp\\0redeliveredAt\\\";O:17:\\\"DateTimeImmutable\\\":3:{s:4:\\\"date\\\";s:26:\\\"2025-05-22 15:46:48.353805\\\";s:13:\\\"timezone_type\\\";i:3;s:8:\\\"timezone\\\";s:13:\\\"Europe/Berlin\\\";}s:61:\\\"\\0Symfony\\\\Component\\\\Messenger\\\\Stamp\\\\RedeliveryStamp\\0retryCount\\\";i:3;}i:3;O:49:\\\"Symfony\\\\Component\\\\Messenger\\\\Stamp\\\\RedeliveryStamp\\\":2:{s:64:\\\"\\0Symfony\\\\Component\\\\Messenger\\\\Stamp\\\\RedeliveryStamp\\0redeliveredAt\\\";O:17:\\\"DateTimeImmutable\\\":3:{s:4:\\\"date\\\";s:26:\\\"2025-05-22 15:47:52.481272\\\";s:13:\\\"timezone_type\\\";i:3;s:8:\\\"timezone\\\";s:13:\\\"Europe/Berlin\\\";}s:61:\\\"\\0Symfony\\\\Component\\\\Messenger\\\\Stamp\\\\RedeliveryStamp\\0retryCount\\\";i:0;}}s:57:\\\"Symfony\\\\Component\\\\Messenger\\\\Stamp\\\\TransportMessageIdStamp\\\";a:1:{i:0;O:57:\\\"Symfony\\\\Component\\\\Messenger\\\\Stamp\\\\TransportMessageIdStamp\\\":1:{s:61:\\\"\\0Symfony\\\\Component\\\\Messenger\\\\Stamp\\\\TransportMessageIdStamp\\0id\\\";i:20;}}s:61:\\\"Symfony\\\\Component\\\\Messenger\\\\Stamp\\\\SentToFailureTransportStamp\\\";a:1:{i:0;O:61:\\\"Symfony\\\\Component\\\\Messenger\\\\Stamp\\\\SentToFailureTransportStamp\\\":1:{s:83:\\\"\\0Symfony\\\\Component\\\\Messenger\\\\Stamp\\\\SentToFailureTransportStamp\\0originalReceiverName\\\";s:5:\\\"async\\\";}}}s:45:\\\"\\0Symfony\\\\Component\\\\Messenger\\\\Envelope\\0message\\\";O:51:\\\"Symfony\\\\Component\\\\Mailer\\\\Messenger\\\\SendEmailMessage\\\":2:{s:60:\\\"\\0Symfony\\\\Component\\\\Mailer\\\\Messenger\\\\SendEmailMessage\\0message\\\";O:39:\\\"Symfony\\\\Bridge\\\\Twig\\\\Mime\\\\TemplatedEmail\\\":5:{i:0;s:41:\\\"registration/confirmation_email.html.twig\\\";i:1;N;i:2;a:3:{s:9:\\\"signedUrl\\\";s:165:\\\"http://127.0.0.1:8000/verify/email?expires=1747925026&signature=9ckj3J7dT7L3sSaHvu2J20h5FK3UTIcXTmKfQ8pFYmg%3D&token=MxfjHEMMHKEV3YLL9nSWJJ44WtC4pnhtXtX38H%2FNq7M%3D\\\";s:19:\\\"expiresAtMessageKey\\\";s:26:\\\"%count% hour|%count% hours\\\";s:20:\\\"expiresAtMessageData\\\";a:1:{s:7:\\\"%count%\\\";i:1;}}i:3;a:6:{i:0;N;i:1;N;i:2;N;i:3;N;i:4;a:0:{}i:5;a:2:{i:0;O:37:\\\"Symfony\\\\Component\\\\Mime\\\\Header\\\\Headers\\\":2:{s:46:\\\"\\0Symfony\\\\Component\\\\Mime\\\\Header\\\\Headers\\0headers\\\";a:3:{s:4:\\\"from\\\";a:1:{i:0;O:47:\\\"Symfony\\\\Component\\\\Mime\\\\Header\\\\MailboxListHeader\\\":5:{s:50:\\\"\\0Symfony\\\\Component\\\\Mime\\\\Header\\\\AbstractHeader\\0name\\\";s:4:\\\"From\\\";s:56:\\\"\\0Symfony\\\\Component\\\\Mime\\\\Header\\\\AbstractHeader\\0lineLength\\\";i:76;s:50:\\\"\\0Symfony\\\\Component\\\\Mime\\\\Header\\\\AbstractHeader\\0lang\\\";N;s:53:\\\"\\0Symfony\\\\Component\\\\Mime\\\\Header\\\\AbstractHeader\\0charset\\\";s:5:\\\"utf-8\\\";s:58:\\\"\\0Symfony\\\\Component\\\\Mime\\\\Header\\\\MailboxListHeader\\0addresses\\\";a:1:{i:0;O:30:\\\"Symfony\\\\Component\\\\Mime\\\\Address\\\":2:{s:39:\\\"\\0Symfony\\\\Component\\\\Mime\\\\Address\\0address\\\";s:19:\\\"dunisnoah@gmail.com\\\";s:36:\\\"\\0Symfony\\\\Component\\\\Mime\\\\Address\\0name\\\";s:4:\\\"Noah\\\";}}}}s:2:\\\"to\\\";a:1:{i:0;O:47:\\\"Symfony\\\\Component\\\\Mime\\\\Header\\\\MailboxListHeader\\\":5:{s:50:\\\"\\0Symfony\\\\Component\\\\Mime\\\\Header\\\\AbstractHeader\\0name\\\";s:2:\\\"To\\\";s:56:\\\"\\0Symfony\\\\Component\\\\Mime\\\\Header\\\\AbstractHeader\\0lineLength\\\";i:76;s:50:\\\"\\0Symfony\\\\Component\\\\Mime\\\\Header\\\\AbstractHeader\\0lang\\\";N;s:53:\\\"\\0Symfony\\\\Component\\\\Mime\\\\Header\\\\AbstractHeader\\0charset\\\";s:5:\\\"utf-8\\\";s:58:\\\"\\0Symfony\\\\Component\\\\Mime\\\\Header\\\\MailboxListHeader\\0addresses\\\";a:1:{i:0;O:30:\\\"Symfony\\\\Component\\\\Mime\\\\Address\\\":2:{s:39:\\\"\\0Symfony\\\\Component\\\\Mime\\\\Address\\0address\\\";s:15:\\\"relou@gmail.com\\\";s:36:\\\"\\0Symfony\\\\Component\\\\Mime\\\\Address\\0name\\\";s:0:\\\"\\\";}}}}s:7:\\\"subject\\\";a:1:{i:0;O:48:\\\"Symfony\\\\Component\\\\Mime\\\\Header\\\\UnstructuredHeader\\\":5:{s:50:\\\"\\0Symfony\\\\Component\\\\Mime\\\\Header\\\\AbstractHeader\\0name\\\";s:7:\\\"Subject\\\";s:56:\\\"\\0Symfony\\\\Component\\\\Mime\\\\Header\\\\AbstractHeader\\0lineLength\\\";i:76;s:50:\\\"\\0Symfony\\\\Component\\\\Mime\\\\Header\\\\AbstractHeader\\0lang\\\";N;s:53:\\\"\\0Symfony\\\\Component\\\\Mime\\\\Header\\\\AbstractHeader\\0charset\\\";s:5:\\\"utf-8\\\";s:55:\\\"\\0Symfony\\\\Component\\\\Mime\\\\Header\\\\UnstructuredHeader\\0value\\\";s:25:\\\"Please Confirm your Email\\\";}}}s:49:\\\"\\0Symfony\\\\Component\\\\Mime\\\\Header\\\\Headers\\0lineLength\\\";i:76;}i:1;N;}}i:4;N;}s:61:\\\"\\0Symfony\\\\Component\\\\Mailer\\\\Messenger\\\\SendEmailMessage\\0envelope\\\";N;}}', '[]', 'failed', '2025-05-22 13:47:52', '2025-05-22 13:47:52', NULL),
                                                                                                                           (22, 'O:36:\\\"Symfony\\\\Component\\\\Messenger\\\\Envelope\\\":2:{s:44:\\\"\\0Symfony\\\\Component\\\\Messenger\\\\Envelope\\0stamps\\\";a:1:{s:46:\\\"Symfony\\\\Component\\\\Messenger\\\\Stamp\\\\BusNameStamp\\\";a:1:{i:0;O:46:\\\"Symfony\\\\Component\\\\Messenger\\\\Stamp\\\\BusNameStamp\\\":1:{s:55:\\\"\\0Symfony\\\\Component\\\\Messenger\\\\Stamp\\\\BusNameStamp\\0busName\\\";s:21:\\\"messenger.bus.default\\\";}}}s:45:\\\"\\0Symfony\\\\Component\\\\Messenger\\\\Envelope\\0message\\\";O:51:\\\"Symfony\\\\Component\\\\Mailer\\\\Messenger\\\\SendEmailMessage\\\":2:{s:60:\\\"\\0Symfony\\\\Component\\\\Mailer\\\\Messenger\\\\SendEmailMessage\\0message\\\";O:39:\\\"Symfony\\\\Bridge\\\\Twig\\\\Mime\\\\TemplatedEmail\\\":5:{i:0;s:41:\\\"registration/confirmation_email.html.twig\\\";i:1;N;i:2;a:3:{s:9:\\\"signedUrl\\\";s:171:\\\"http://127.0.0.1:8000/verify/email?expires=1748357833&signature=UZNCVxVUkW%2BQ1yO8qgjWj%2BAzUHphZeaU6g9eLDW57CM%3D&token=nJqan0Tm64lKfFOpWUBLAr%2BQFC3KGkr6Ulq%2F9cbbzw8%3D\\\";s:19:\\\"expiresAtMessageKey\\\";s:26:\\\"%count% hour|%count% hours\\\";s:20:\\\"expiresAtMessageData\\\";a:1:{s:7:\\\"%count%\\\";i:1;}}i:3;a:6:{i:0;N;i:1;N;i:2;N;i:3;N;i:4;a:0:{}i:5;a:2:{i:0;O:37:\\\"Symfony\\\\Component\\\\Mime\\\\Header\\\\Headers\\\":2:{s:46:\\\"\\0Symfony\\\\Component\\\\Mime\\\\Header\\\\Headers\\0headers\\\";a:3:{s:4:\\\"from\\\";a:1:{i:0;O:47:\\\"Symfony\\\\Component\\\\Mime\\\\Header\\\\MailboxListHeader\\\":5:{s:50:\\\"\\0Symfony\\\\Component\\\\Mime\\\\Header\\\\AbstractHeader\\0name\\\";s:4:\\\"From\\\";s:56:\\\"\\0Symfony\\\\Component\\\\Mime\\\\Header\\\\AbstractHeader\\0lineLength\\\";i:76;s:50:\\\"\\0Symfony\\\\Component\\\\Mime\\\\Header\\\\AbstractHeader\\0lang\\\";N;s:53:\\\"\\0Symfony\\\\Component\\\\Mime\\\\Header\\\\AbstractHeader\\0charset\\\";s:5:\\\"utf-8\\\";s:58:\\\"\\0Symfony\\\\Component\\\\Mime\\\\Header\\\\MailboxListHeader\\0addresses\\\";a:1:{i:0;O:30:\\\"Symfony\\\\Component\\\\Mime\\\\Address\\\":2:{s:39:\\\"\\0Symfony\\\\Component\\\\Mime\\\\Address\\0address\\\";s:19:\\\"dunisnoah@gmail.com\\\";s:36:\\\"\\0Symfony\\\\Component\\\\Mime\\\\Address\\0name\\\";s:4:\\\"Noah\\\";}}}}s:2:\\\"to\\\";a:1:{i:0;O:47:\\\"Symfony\\\\Component\\\\Mime\\\\Header\\\\MailboxListHeader\\\":5:{s:50:\\\"\\0Symfony\\\\Component\\\\Mime\\\\Header\\\\AbstractHeader\\0name\\\";s:2:\\\"To\\\";s:56:\\\"\\0Symfony\\\\Component\\\\Mime\\\\Header\\\\AbstractHeader\\0lineLength\\\";i:76;s:50:\\\"\\0Symfony\\\\Component\\\\Mime\\\\Header\\\\AbstractHeader\\0lang\\\";N;s:53:\\\"\\0Symfony\\\\Component\\\\Mime\\\\Header\\\\AbstractHeader\\0charset\\\";s:5:\\\"utf-8\\\";s:58:\\\"\\0Symfony\\\\Component\\\\Mime\\\\Header\\\\MailboxListHeader\\0addresses\\\";a:1:{i:0;O:30:\\\"Symfony\\\\Component\\\\Mime\\\\Address\\\":2:{s:39:\\\"\\0Symfony\\\\Component\\\\Mime\\\\Address\\0address\\\";s:17:\\\"monocco@gmail.com\\\";s:36:\\\"\\0Symfony\\\\Component\\\\Mime\\\\Address\\0name\\\";s:0:\\\"\\\";}}}}s:7:\\\"subject\\\";a:1:{i:0;O:48:\\\"Symfony\\\\Component\\\\Mime\\\\Header\\\\UnstructuredHeader\\\":5:{s:50:\\\"\\0Symfony\\\\Component\\\\Mime\\\\Header\\\\AbstractHeader\\0name\\\";s:7:\\\"Subject\\\";s:56:\\\"\\0Symfony\\\\Component\\\\Mime\\\\Header\\\\AbstractHeader\\0lineLength\\\";i:76;s:50:\\\"\\0Symfony\\\\Component\\\\Mime\\\\Header\\\\AbstractHeader\\0lang\\\";N;s:53:\\\"\\0Symfony\\\\Component\\\\Mime\\\\Header\\\\AbstractHeader\\0charset\\\";s:5:\\\"utf-8\\\";s:55:\\\"\\0Symfony\\\\Component\\\\Mime\\\\Header\\\\UnstructuredHeader\\0value\\\";s:25:\\\"Please Confirm your Email\\\";}}}s:49:\\\"\\0Symfony\\\\Component\\\\Mime\\\\Header\\\\Headers\\0lineLength\\\";i:76;}i:1;N;}}i:4;N;}s:61:\\\"\\0Symfony\\\\Component\\\\Mailer\\\\Messenger\\\\SendEmailMessage\\0envelope\\\";N;}}', '[]', 'default', '2025-05-27 13:57:13', '2025-05-27 13:57:13', NULL),
                                                                                                                           (23, 'O:36:\\\"Symfony\\\\Component\\\\Messenger\\\\Envelope\\\":2:{s:44:\\\"\\0Symfony\\\\Component\\\\Messenger\\\\Envelope\\0stamps\\\";a:1:{s:46:\\\"Symfony\\\\Component\\\\Messenger\\\\Stamp\\\\BusNameStamp\\\";a:1:{i:0;O:46:\\\"Symfony\\\\Component\\\\Messenger\\\\Stamp\\\\BusNameStamp\\\":1:{s:55:\\\"\\0Symfony\\\\Component\\\\Messenger\\\\Stamp\\\\BusNameStamp\\0busName\\\";s:21:\\\"messenger.bus.default\\\";}}}s:45:\\\"\\0Symfony\\\\Component\\\\Messenger\\\\Envelope\\0message\\\";O:51:\\\"Symfony\\\\Component\\\\Mailer\\\\Messenger\\\\SendEmailMessage\\\":2:{s:60:\\\"\\0Symfony\\\\Component\\\\Mailer\\\\Messenger\\\\SendEmailMessage\\0message\\\";O:39:\\\"Symfony\\\\Bridge\\\\Twig\\\\Mime\\\\TemplatedEmail\\\":5:{i:0;s:30:\\\"reset_password/email.html.twig\\\";i:1;N;i:2;a:1:{s:10:\\\"resetToken\\\";O:58:\\\"SymfonyCasts\\\\Bundle\\\\ResetPassword\\\\Model\\\\ResetPasswordToken\\\":4:{s:65:\\\"\\0SymfonyCasts\\\\Bundle\\\\ResetPassword\\\\Model\\\\ResetPasswordToken\\0token\\\";s:40:\\\"kQIeTpS3rdf5C7YlpKqR71CmTQCWkRDIXD17JZ12\\\";s:69:\\\"\\0SymfonyCasts\\\\Bundle\\\\ResetPassword\\\\Model\\\\ResetPasswordToken\\0expiresAt\\\";O:17:\\\"DateTimeImmutable\\\":3:{s:4:\\\"date\\\";s:26:\\\"2025-06-06 12:35:02.473846\\\";s:13:\\\"timezone_type\\\";i:3;s:8:\\\"timezone\\\";s:13:\\\"Europe/Berlin\\\";}s:71:\\\"\\0SymfonyCasts\\\\Bundle\\\\ResetPassword\\\\Model\\\\ResetPasswordToken\\0generatedAt\\\";i:1749202502;s:73:\\\"\\0SymfonyCasts\\\\Bundle\\\\ResetPassword\\\\Model\\\\ResetPasswordToken\\0transInterval\\\";i:1;}}i:3;a:6:{i:0;N;i:1;N;i:2;N;i:3;N;i:4;a:0:{}i:5;a:2:{i:0;O:37:\\\"Symfony\\\\Component\\\\Mime\\\\Header\\\\Headers\\\":2:{s:46:\\\"\\0Symfony\\\\Component\\\\Mime\\\\Header\\\\Headers\\0headers\\\";a:3:{s:4:\\\"from\\\";a:1:{i:0;O:47:\\\"Symfony\\\\Component\\\\Mime\\\\Header\\\\MailboxListHeader\\\":5:{s:50:\\\"\\0Symfony\\\\Component\\\\Mime\\\\Header\\\\AbstractHeader\\0name\\\";s:4:\\\"From\\\";s:56:\\\"\\0Symfony\\\\Component\\\\Mime\\\\Header\\\\AbstractHeader\\0lineLength\\\";i:76;s:50:\\\"\\0Symfony\\\\Component\\\\Mime\\\\Header\\\\AbstractHeader\\0lang\\\";N;s:53:\\\"\\0Symfony\\\\Component\\\\Mime\\\\Header\\\\AbstractHeader\\0charset\\\";s:5:\\\"utf-8\\\";s:58:\\\"\\0Symfony\\\\Component\\\\Mime\\\\Header\\\\MailboxListHeader\\0addresses\\\";a:1:{i:0;O:30:\\\"Symfony\\\\Component\\\\Mime\\\\Address\\\":2:{s:39:\\\"\\0Symfony\\\\Component\\\\Mime\\\\Address\\0address\\\";s:19:\\\"dunisnoah@gmail.com\\\";s:36:\\\"\\0Symfony\\\\Component\\\\Mime\\\\Address\\0name\\\";s:10:\\\"Noah dunis\\\";}}}}s:2:\\\"to\\\";a:1:{i:0;O:47:\\\"Symfony\\\\Component\\\\Mime\\\\Header\\\\MailboxListHeader\\\":5:{s:50:\\\"\\0Symfony\\\\Component\\\\Mime\\\\Header\\\\AbstractHeader\\0name\\\";s:2:\\\"To\\\";s:56:\\\"\\0Symfony\\\\Component\\\\Mime\\\\Header\\\\AbstractHeader\\0lineLength\\\";i:76;s:50:\\\"\\0Symfony\\\\Component\\\\Mime\\\\Header\\\\AbstractHeader\\0lang\\\";N;s:53:\\\"\\0Symfony\\\\Component\\\\Mime\\\\Header\\\\AbstractHeader\\0charset\\\";s:5:\\\"utf-8\\\";s:58:\\\"\\0Symfony\\\\Component\\\\Mime\\\\Header\\\\MailboxListHeader\\0addresses\\\";a:1:{i:0;O:30:\\\"Symfony\\\\Component\\\\Mime\\\\Address\\\":2:{s:39:\\\"\\0Symfony\\\\Component\\\\Mime\\\\Address\\0address\\\";s:19:\\\"dunisnoah@gmail.com\\\";s:36:\\\"\\0Symfony\\\\Component\\\\Mime\\\\Address\\0name\\\";s:0:\\\"\\\";}}}}s:7:\\\"subject\\\";a:1:{i:0;O:48:\\\"Symfony\\\\Component\\\\Mime\\\\Header\\\\UnstructuredHeader\\\":5:{s:50:\\\"\\0Symfony\\\\Component\\\\Mime\\\\Header\\\\AbstractHeader\\0name\\\";s:7:\\\"Subject\\\";s:56:\\\"\\0Symfony\\\\Component\\\\Mime\\\\Header\\\\AbstractHeader\\0lineLength\\\";i:76;s:50:\\\"\\0Symfony\\\\Component\\\\Mime\\\\Header\\\\AbstractHeader\\0lang\\\";N;s:53:\\\"\\0Symfony\\\\Component\\\\Mime\\\\Header\\\\AbstractHeader\\0charset\\\";s:5:\\\"utf-8\\\";s:55:\\\"\\0Symfony\\\\Component\\\\Mime\\\\Header\\\\UnstructuredHeader\\0value\\\";s:27:\\\"Your password reset request\\\";}}}s:49:\\\"\\0Symfony\\\\Component\\\\Mime\\\\Header\\\\Headers\\0lineLength\\\";i:76;}i:1;N;}}i:4;N;}s:61:\\\"\\0Symfony\\\\Component\\\\Mailer\\\\Messenger\\\\SendEmailMessage\\0envelope\\\";N;}}', '[]', 'default', '2025-06-06 09:35:02', '2025-06-06 09:35:02', NULL);
INSERT INTO `messenger_messages` (`id`, `body`, `headers`, `queue_name`, `created_at`, `available_at`, `delivered_at`) VALUES
                                                                                                                           (24, 'O:36:\\\"Symfony\\\\Component\\\\Messenger\\\\Envelope\\\":2:{s:44:\\\"\\0Symfony\\\\Component\\\\Messenger\\\\Envelope\\0stamps\\\";a:1:{s:46:\\\"Symfony\\\\Component\\\\Messenger\\\\Stamp\\\\BusNameStamp\\\";a:1:{i:0;O:46:\\\"Symfony\\\\Component\\\\Messenger\\\\Stamp\\\\BusNameStamp\\\":1:{s:55:\\\"\\0Symfony\\\\Component\\\\Messenger\\\\Stamp\\\\BusNameStamp\\0busName\\\";s:21:\\\"messenger.bus.default\\\";}}}s:45:\\\"\\0Symfony\\\\Component\\\\Messenger\\\\Envelope\\0message\\\";O:51:\\\"Symfony\\\\Component\\\\Mailer\\\\Messenger\\\\SendEmailMessage\\\":2:{s:60:\\\"\\0Symfony\\\\Component\\\\Mailer\\\\Messenger\\\\SendEmailMessage\\0message\\\";O:39:\\\"Symfony\\\\Bridge\\\\Twig\\\\Mime\\\\TemplatedEmail\\\":5:{i:0;s:41:\\\"registration/confirmation_email.html.twig\\\";i:1;N;i:2;a:3:{s:9:\\\"signedUrl\\\";s:171:\\\"http://127.0.0.1:8000/verify/email?expires=1749207194&signature=%2FWiXuMHt0MtY5bD0Ix%2FUq02r21DoDqRXz%2FG4LvifiF4%3D&token=rRgUOjO9y07N58HGLJLA%2BKLmCm4rlk5MVVOjQ2ANQRM%3D\\\";s:19:\\\"expiresAtMessageKey\\\";s:26:\\\"%count% hour|%count% hours\\\";s:20:\\\"expiresAtMessageData\\\";a:1:{s:7:\\\"%count%\\\";i:1;}}i:3;a:6:{i:0;N;i:1;N;i:2;N;i:3;N;i:4;a:0:{}i:5;a:2:{i:0;O:37:\\\"Symfony\\\\Component\\\\Mime\\\\Header\\\\Headers\\\":2:{s:46:\\\"\\0Symfony\\\\Component\\\\Mime\\\\Header\\\\Headers\\0headers\\\";a:3:{s:4:\\\"from\\\";a:1:{i:0;O:47:\\\"Symfony\\\\Component\\\\Mime\\\\Header\\\\MailboxListHeader\\\":5:{s:50:\\\"\\0Symfony\\\\Component\\\\Mime\\\\Header\\\\AbstractHeader\\0name\\\";s:4:\\\"From\\\";s:56:\\\"\\0Symfony\\\\Component\\\\Mime\\\\Header\\\\AbstractHeader\\0lineLength\\\";i:76;s:50:\\\"\\0Symfony\\\\Component\\\\Mime\\\\Header\\\\AbstractHeader\\0lang\\\";N;s:53:\\\"\\0Symfony\\\\Component\\\\Mime\\\\Header\\\\AbstractHeader\\0charset\\\";s:5:\\\"utf-8\\\";s:58:\\\"\\0Symfony\\\\Component\\\\Mime\\\\Header\\\\MailboxListHeader\\0addresses\\\";a:1:{i:0;O:30:\\\"Symfony\\\\Component\\\\Mime\\\\Address\\\":2:{s:39:\\\"\\0Symfony\\\\Component\\\\Mime\\\\Address\\0address\\\";s:19:\\\"dunisnoah@gmail.com\\\";s:36:\\\"\\0Symfony\\\\Component\\\\Mime\\\\Address\\0name\\\";s:4:\\\"Noah\\\";}}}}s:2:\\\"to\\\";a:1:{i:0;O:47:\\\"Symfony\\\\Component\\\\Mime\\\\Header\\\\MailboxListHeader\\\":5:{s:50:\\\"\\0Symfony\\\\Component\\\\Mime\\\\Header\\\\AbstractHeader\\0name\\\";s:2:\\\"To\\\";s:56:\\\"\\0Symfony\\\\Component\\\\Mime\\\\Header\\\\AbstractHeader\\0lineLength\\\";i:76;s:50:\\\"\\0Symfony\\\\Component\\\\Mime\\\\Header\\\\AbstractHeader\\0lang\\\";N;s:53:\\\"\\0Symfony\\\\Component\\\\Mime\\\\Header\\\\AbstractHeader\\0charset\\\";s:5:\\\"utf-8\\\";s:58:\\\"\\0Symfony\\\\Component\\\\Mime\\\\Header\\\\MailboxListHeader\\0addresses\\\";a:1:{i:0;O:30:\\\"Symfony\\\\Component\\\\Mime\\\\Address\\\":2:{s:39:\\\"\\0Symfony\\\\Component\\\\Mime\\\\Address\\0address\\\";s:19:\\\"noahdunis@gmail.com\\\";s:36:\\\"\\0Symfony\\\\Component\\\\Mime\\\\Address\\0name\\\";s:0:\\\"\\\";}}}}s:7:\\\"subject\\\";a:1:{i:0;O:48:\\\"Symfony\\\\Component\\\\Mime\\\\Header\\\\UnstructuredHeader\\\":5:{s:50:\\\"\\0Symfony\\\\Component\\\\Mime\\\\Header\\\\AbstractHeader\\0name\\\";s:7:\\\"Subject\\\";s:56:\\\"\\0Symfony\\\\Component\\\\Mime\\\\Header\\\\AbstractHeader\\0lineLength\\\";i:76;s:50:\\\"\\0Symfony\\\\Component\\\\Mime\\\\Header\\\\AbstractHeader\\0lang\\\";N;s:53:\\\"\\0Symfony\\\\Component\\\\Mime\\\\Header\\\\AbstractHeader\\0charset\\\";s:5:\\\"utf-8\\\";s:55:\\\"\\0Symfony\\\\Component\\\\Mime\\\\Header\\\\UnstructuredHeader\\0value\\\";s:25:\\\"Please Confirm your Email\\\";}}}s:49:\\\"\\0Symfony\\\\Component\\\\Mime\\\\Header\\\\Headers\\0lineLength\\\";i:76;}i:1;N;}}i:4;N;}s:61:\\\"\\0Symfony\\\\Component\\\\Mailer\\\\Messenger\\\\SendEmailMessage\\0envelope\\\";N;}}', '[]', 'default', '2025-06-06 09:53:14', '2025-06-06 09:53:14', NULL),
                                                                                                                           (25, 'O:36:\\\"Symfony\\\\Component\\\\Messenger\\\\Envelope\\\":2:{s:44:\\\"\\0Symfony\\\\Component\\\\Messenger\\\\Envelope\\0stamps\\\";a:1:{s:46:\\\"Symfony\\\\Component\\\\Messenger\\\\Stamp\\\\BusNameStamp\\\";a:1:{i:0;O:46:\\\"Symfony\\\\Component\\\\Messenger\\\\Stamp\\\\BusNameStamp\\\":1:{s:55:\\\"\\0Symfony\\\\Component\\\\Messenger\\\\Stamp\\\\BusNameStamp\\0busName\\\";s:21:\\\"messenger.bus.default\\\";}}}s:45:\\\"\\0Symfony\\\\Component\\\\Messenger\\\\Envelope\\0message\\\";O:51:\\\"Symfony\\\\Component\\\\Mailer\\\\Messenger\\\\SendEmailMessage\\\":2:{s:60:\\\"\\0Symfony\\\\Component\\\\Mailer\\\\Messenger\\\\SendEmailMessage\\0message\\\";O:39:\\\"Symfony\\\\Bridge\\\\Twig\\\\Mime\\\\TemplatedEmail\\\":5:{i:0;s:41:\\\"registration/confirmation_email.html.twig\\\";i:1;N;i:2;a:3:{s:9:\\\"signedUrl\\\";s:165:\\\"http://127.0.0.1:8000/verify/email?expires=1749217212&signature=3SFeG7UxboN8wGC7RQ6H3BUxWq4S6wSwgK2i0hx4jYs%3D&token=pV4eb5Y19mSlO5aXApQc%2BJMnIVkEKFpPuV1L3RSurTI%3D\\\";s:19:\\\"expiresAtMessageKey\\\";s:26:\\\"%count% hour|%count% hours\\\";s:20:\\\"expiresAtMessageData\\\";a:1:{s:7:\\\"%count%\\\";i:1;}}i:3;a:6:{i:0;N;i:1;N;i:2;N;i:3;N;i:4;a:0:{}i:5;a:2:{i:0;O:37:\\\"Symfony\\\\Component\\\\Mime\\\\Header\\\\Headers\\\":2:{s:46:\\\"\\0Symfony\\\\Component\\\\Mime\\\\Header\\\\Headers\\0headers\\\";a:3:{s:4:\\\"from\\\";a:1:{i:0;O:47:\\\"Symfony\\\\Component\\\\Mime\\\\Header\\\\MailboxListHeader\\\":5:{s:50:\\\"\\0Symfony\\\\Component\\\\Mime\\\\Header\\\\AbstractHeader\\0name\\\";s:4:\\\"From\\\";s:56:\\\"\\0Symfony\\\\Component\\\\Mime\\\\Header\\\\AbstractHeader\\0lineLength\\\";i:76;s:50:\\\"\\0Symfony\\\\Component\\\\Mime\\\\Header\\\\AbstractHeader\\0lang\\\";N;s:53:\\\"\\0Symfony\\\\Component\\\\Mime\\\\Header\\\\AbstractHeader\\0charset\\\";s:5:\\\"utf-8\\\";s:58:\\\"\\0Symfony\\\\Component\\\\Mime\\\\Header\\\\MailboxListHeader\\0addresses\\\";a:1:{i:0;O:30:\\\"Symfony\\\\Component\\\\Mime\\\\Address\\\":2:{s:39:\\\"\\0Symfony\\\\Component\\\\Mime\\\\Address\\0address\\\";s:19:\\\"dunisnoah@gmail.com\\\";s:36:\\\"\\0Symfony\\\\Component\\\\Mime\\\\Address\\0name\\\";s:4:\\\"Noah\\\";}}}}s:2:\\\"to\\\";a:1:{i:0;O:47:\\\"Symfony\\\\Component\\\\Mime\\\\Header\\\\MailboxListHeader\\\":5:{s:50:\\\"\\0Symfony\\\\Component\\\\Mime\\\\Header\\\\AbstractHeader\\0name\\\";s:2:\\\"To\\\";s:56:\\\"\\0Symfony\\\\Component\\\\Mime\\\\Header\\\\AbstractHeader\\0lineLength\\\";i:76;s:50:\\\"\\0Symfony\\\\Component\\\\Mime\\\\Header\\\\AbstractHeader\\0lang\\\";N;s:53:\\\"\\0Symfony\\\\Component\\\\Mime\\\\Header\\\\AbstractHeader\\0charset\\\";s:5:\\\"utf-8\\\";s:58:\\\"\\0Symfony\\\\Component\\\\Mime\\\\Header\\\\MailboxListHeader\\0addresses\\\";a:1:{i:0;O:30:\\\"Symfony\\\\Component\\\\Mime\\\\Address\\\":2:{s:39:\\\"\\0Symfony\\\\Component\\\\Mime\\\\Address\\0address\\\";s:18:\\\"pourquoi@gmail.com\\\";s:36:\\\"\\0Symfony\\\\Component\\\\Mime\\\\Address\\0name\\\";s:0:\\\"\\\";}}}}s:7:\\\"subject\\\";a:1:{i:0;O:48:\\\"Symfony\\\\Component\\\\Mime\\\\Header\\\\UnstructuredHeader\\\":5:{s:50:\\\"\\0Symfony\\\\Component\\\\Mime\\\\Header\\\\AbstractHeader\\0name\\\";s:7:\\\"Subject\\\";s:56:\\\"\\0Symfony\\\\Component\\\\Mime\\\\Header\\\\AbstractHeader\\0lineLength\\\";i:76;s:50:\\\"\\0Symfony\\\\Component\\\\Mime\\\\Header\\\\AbstractHeader\\0lang\\\";N;s:53:\\\"\\0Symfony\\\\Component\\\\Mime\\\\Header\\\\AbstractHeader\\0charset\\\";s:5:\\\"utf-8\\\";s:55:\\\"\\0Symfony\\\\Component\\\\Mime\\\\Header\\\\UnstructuredHeader\\0value\\\";s:25:\\\"Please Confirm your Email\\\";}}}s:49:\\\"\\0Symfony\\\\Component\\\\Mime\\\\Header\\\\Headers\\0lineLength\\\";i:76;}i:1;N;}}i:4;N;}s:61:\\\"\\0Symfony\\\\Component\\\\Mailer\\\\Messenger\\\\SendEmailMessage\\0envelope\\\";N;}}', '[]', 'default', '2025-06-06 12:40:12', '2025-06-06 12:40:12', NULL);

-- --------------------------------------------------------

--
-- Structure de la table `reset_password_request`
--

CREATE TABLE `reset_password_request` (
                                          `id` int(11) NOT NULL,
                                          `user_id` int(11) NOT NULL,
                                          `selector` varchar(20) NOT NULL,
                                          `hashed_token` varchar(100) NOT NULL,
                                          `requested_at` datetime NOT NULL COMMENT '(DC2Type:datetime_immutable)',
                                          `expires_at` datetime NOT NULL COMMENT '(DC2Type:datetime_immutable)'
) ENGINE=InnoDB DEFAULT CHARSET=utf8mb4 COLLATE=utf8mb4_unicode_ci;

--
-- Déchargement des données de la table `reset_password_request`
--

INSERT INTO `reset_password_request` (`id`, `user_id`, `selector`, `hashed_token`, `requested_at`, `expires_at`) VALUES
    (2, 1, 'kQIeTpS3rdf5C7YlpKqR', 's0g/16BG1+dtOAIb8Ce03/XGKwB716SBP8YbFwzPrAM=', '2025-06-06 11:35:02', '2025-06-06 12:35:02');

-- --------------------------------------------------------

--
-- Structure de la table `ticket`
--

CREATE TABLE `ticket` (
                          `id` int(11) NOT NULL,
                          `user_id` int(11) DEFAULT NULL,
                          `ticket_type_id` int(11) NOT NULL,
                          `event_id` int(11) NOT NULL,
                          `code` varchar(255) NOT NULL,
                          `created_at` datetime NOT NULL COMMENT '(DC2Type:datetime_immutable)',
                          `status` varchar(255) NOT NULL
) ENGINE=InnoDB DEFAULT CHARSET=utf8mb4 COLLATE=utf8mb4_unicode_ci;

--
-- Déchargement des données de la table `ticket`
--

INSERT INTO `ticket` (`id`, `user_id`, `ticket_type_id`, `event_id`, `code`, `created_at`, `status`) VALUES
                                                                                                         (76, NULL, 47, 16, 'TICKET_ca6aa8637be9997c', '2025-06-19 16:14:44', 'disponible'),
                                                                                                         (77, NULL, 47, 16, 'TICKET_c41ad475f5d6d311', '2025-06-19 16:14:44', 'disponible'),
                                                                                                         (78, NULL, 47, 16, 'TICKET_12ab94b6f6a4eab2', '2025-06-19 16:14:44', 'disponible'),
                                                                                                         (79, NULL, 47, 16, 'TICKET_398498207f16c45a', '2025-06-19 16:14:44', 'disponible'),
                                                                                                         (80, NULL, 47, 16, 'TICKET_c2ba3b6fc2f87d8c', '2025-06-19 16:14:44', 'disponible'),
                                                                                                         (81, NULL, 47, 16, 'TICKET_1bfed5bd103941a1', '2025-06-19 16:14:44', 'disponible'),
                                                                                                         (82, NULL, 47, 16, 'TICKET_036e4ba84a0994e2', '2025-06-19 16:14:44', 'disponible'),
                                                                                                         (83, NULL, 47, 16, 'TICKET_22baeda3fb63c46b', '2025-06-19 16:14:44', 'disponible'),
                                                                                                         (84, NULL, 47, 16, 'TICKET_be0c94d0da5e8d40', '2025-06-19 16:14:44', 'disponible'),
                                                                                                         (85, NULL, 47, 16, 'TICKET_c065121fa7b23956', '2025-06-19 16:14:44', 'disponible'),
                                                                                                         (86, NULL, 48, 17, 'TICKET_bace3fa4f013eab7', '2025-06-19 16:21:48', 'disponible'),
                                                                                                         (87, NULL, 48, 17, 'TICKET_944ff03e2b6467fb', '2025-06-19 16:21:48', 'disponible'),
                                                                                                         (88, NULL, 48, 17, 'TICKET_8c03d7710f90bf21', '2025-06-19 16:21:48', 'disponible'),
                                                                                                         (89, NULL, 48, 17, 'TICKET_b0f51333e0727683', '2025-06-19 16:21:48', 'disponible'),
                                                                                                         (90, NULL, 48, 17, 'TICKET_5bf503d2078e6868', '2025-06-19 16:21:48', 'disponible'),
                                                                                                         (91, NULL, 48, 17, 'TICKET_1521c40cbe4ee04a', '2025-06-19 16:21:48', 'disponible'),
                                                                                                         (92, NULL, 48, 17, 'TICKET_08d05ca4f188d18d', '2025-06-19 16:21:48', 'disponible'),
                                                                                                         (93, NULL, 48, 17, 'TICKET_fea6b2895df0eaea', '2025-06-19 16:21:48', 'disponible'),
                                                                                                         (94, NULL, 48, 17, 'TICKET_dae8102162c64da3', '2025-06-19 16:21:48', 'disponible'),
                                                                                                         (95, NULL, 48, 17, 'TICKET_3740f71be3cb250c', '2025-06-19 16:21:48', 'disponible'),
                                                                                                         (96, NULL, 49, 18, 'TICKET_978056d3bdb42b74', '2025-06-19 16:23:05', 'disponible'),
                                                                                                         (97, NULL, 49, 18, 'TICKET_12d0263227cadfab', '2025-06-19 16:23:05', 'disponible'),
                                                                                                         (98, NULL, 49, 18, 'TICKET_171ee8e155525804', '2025-06-19 16:23:05', 'disponible'),
                                                                                                         (99, NULL, 49, 18, 'TICKET_6301dd273af8fa98', '2025-06-19 16:23:05', 'disponible'),
                                                                                                         (100, NULL, 49, 18, 'TICKET_63131b83464adc00', '2025-06-19 16:23:05', 'disponible'),
                                                                                                         (101, NULL, 49, 18, 'TICKET_6c4eccd944c46298', '2025-06-19 16:23:05', 'disponible'),
                                                                                                         (102, NULL, 49, 18, 'TICKET_37bc2409fe3f407e', '2025-06-19 16:23:05', 'disponible'),
                                                                                                         (103, NULL, 49, 18, 'TICKET_6fe5423732ff645d', '2025-06-19 16:23:05', 'disponible'),
                                                                                                         (104, NULL, 49, 18, 'TICKET_0dd67cf487468ff4', '2025-06-19 16:23:05', 'disponible'),
                                                                                                         (105, NULL, 49, 18, 'TICKET_c841834b275ff022', '2025-06-19 16:23:05', 'disponible'),
                                                                                                         (106, NULL, 50, 19, 'TICKET_4ab49d1244074398', '2025-06-19 16:26:52', 'disponible'),
                                                                                                         (107, NULL, 50, 19, 'TICKET_4f09550525eefe71', '2025-06-19 16:26:52', 'disponible'),
                                                                                                         (108, NULL, 50, 19, 'TICKET_b2ca446e084c743b', '2025-06-19 16:26:52', 'disponible'),
                                                                                                         (109, NULL, 50, 19, 'TICKET_9f88c550ccb44785', '2025-06-19 16:26:52', 'disponible'),
                                                                                                         (110, NULL, 50, 19, 'TICKET_4a08d217f3e1ae71', '2025-06-19 16:26:52', 'disponible'),
                                                                                                         (111, NULL, 50, 19, 'TICKET_3059a8791fc36240', '2025-06-19 16:26:52', 'disponible'),
                                                                                                         (112, NULL, 50, 19, 'TICKET_d6e386d9c2af44c3', '2025-06-19 16:26:52', 'disponible'),
                                                                                                         (113, NULL, 50, 19, 'TICKET_2c7c0f321687c3f8', '2025-06-19 16:26:52', 'disponible'),
                                                                                                         (114, NULL, 50, 19, 'TICKET_4c70ab1ba8cbdd33', '2025-06-19 16:26:52', 'disponible'),
                                                                                                         (115, NULL, 50, 19, 'TICKET_d83e4c740f291567', '2025-06-19 16:26:52', 'disponible'),
                                                                                                         (116, NULL, 51, 20, 'TICKET_ac939e375fca0059', '2025-06-19 16:27:51', 'disponible'),
                                                                                                         (117, NULL, 51, 20, 'TICKET_0092a76372b5bdd4', '2025-06-19 16:27:51', 'disponible'),
                                                                                                         (118, NULL, 51, 20, 'TICKET_26c8d16806674698', '2025-06-19 16:27:51', 'disponible'),
                                                                                                         (119, NULL, 51, 20, 'TICKET_0216cff5d13ee6ca', '2025-06-19 16:27:51', 'disponible'),
                                                                                                         (120, NULL, 51, 20, 'TICKET_60fddec326e07ae4', '2025-06-19 16:27:51', 'disponible'),
                                                                                                         (121, NULL, 51, 20, 'TICKET_c6cdca235fbc9f00', '2025-06-19 16:27:51', 'disponible'),
                                                                                                         (122, NULL, 51, 20, 'TICKET_8e96a11b9da61d6e', '2025-06-19 16:27:51', 'disponible'),
                                                                                                         (123, NULL, 51, 20, 'TICKET_51eb6023235ceb87', '2025-06-19 16:27:51', 'disponible'),
                                                                                                         (124, NULL, 51, 20, 'TICKET_c819da13cf72e8a2', '2025-06-19 16:27:51', 'disponible'),
                                                                                                         (125, NULL, 51, 20, 'TICKET_5748ed0e7f52a9fd', '2025-06-19 16:27:51', 'disponible'),
                                                                                                         (126, NULL, 52, 21, 'TICKET_48d952aae91a1908', '2025-06-19 16:29:04', 'disponible'),
                                                                                                         (127, NULL, 52, 21, 'TICKET_ab0d887c0838d87e', '2025-06-19 16:29:04', 'disponible'),
                                                                                                         (128, NULL, 52, 21, 'TICKET_6b500c56d9b663f9', '2025-06-19 16:29:04', 'disponible'),
                                                                                                         (129, NULL, 52, 21, 'TICKET_a1b2f33a7c452bfa', '2025-06-19 16:29:04', 'disponible'),
                                                                                                         (130, NULL, 52, 21, 'TICKET_ee1e34290257f1f1', '2025-06-19 16:29:04', 'disponible'),
                                                                                                         (131, NULL, 52, 21, 'TICKET_e739cba89a60eeb6', '2025-06-19 16:29:04', 'disponible'),
                                                                                                         (132, NULL, 52, 21, 'TICKET_ae404b9485be9439', '2025-06-19 16:29:04', 'disponible'),
                                                                                                         (133, NULL, 52, 21, 'TICKET_b33126f1bbd1a1fd', '2025-06-19 16:29:04', 'disponible'),
                                                                                                         (134, NULL, 52, 21, 'TICKET_c7a4e4b776e404a3', '2025-06-19 16:29:04', 'disponible'),
                                                                                                         (135, NULL, 52, 21, 'TICKET_8f9cfa3a978bc251', '2025-06-19 16:29:04', 'disponible'),
                                                                                                         (136, NULL, 53, 22, 'TICKET_2ae53d9136a4503f', '2025-06-19 16:30:32', 'disponible'),
                                                                                                         (137, NULL, 53, 22, 'TICKET_e86686866fe74b28', '2025-06-19 16:30:32', 'disponible'),
                                                                                                         (138, NULL, 53, 22, 'TICKET_3b5749d53e80b50c', '2025-06-19 16:30:32', 'disponible'),
                                                                                                         (139, NULL, 53, 22, 'TICKET_42913d1ecb2c1790', '2025-06-19 16:30:32', 'disponible'),
                                                                                                         (140, NULL, 53, 22, 'TICKET_4aec2c3a1953efac', '2025-06-19 16:30:32', 'disponible'),
                                                                                                         (141, NULL, 53, 22, 'TICKET_582c3eb636f3ad5f', '2025-06-19 16:30:32', 'disponible'),
                                                                                                         (142, NULL, 53, 22, 'TICKET_88db65df19c69607', '2025-06-19 16:30:32', 'disponible'),
                                                                                                         (143, NULL, 53, 22, 'TICKET_b8384fd2467370a6', '2025-06-19 16:30:32', 'disponible'),
                                                                                                         (144, NULL, 53, 22, 'TICKET_0c7973d3640d2f2e', '2025-06-19 16:30:32', 'disponible'),
                                                                                                         (145, NULL, 53, 22, 'TICKET_2d51994161db2bbb', '2025-06-19 16:30:32', 'disponible'),
                                                                                                         (146, NULL, 54, 23, 'TICKET_9594ecd33d204080', '2025-06-19 16:31:11', 'disponible'),
                                                                                                         (147, NULL, 54, 23, 'TICKET_614f675de02efc92', '2025-06-19 16:31:11', 'disponible'),
                                                                                                         (148, NULL, 54, 23, 'TICKET_1086ebb66cda529f', '2025-06-19 16:31:11', 'disponible'),
                                                                                                         (149, NULL, 54, 23, 'TICKET_fa2a94aa0385f8d9', '2025-06-19 16:31:11', 'disponible'),
                                                                                                         (150, NULL, 54, 23, 'TICKET_2fdd8622b09b066c', '2025-06-19 16:31:11', 'disponible'),
                                                                                                         (151, NULL, 54, 23, 'TICKET_11f540d67d526518', '2025-06-19 16:31:11', 'disponible'),
                                                                                                         (152, NULL, 54, 23, 'TICKET_af842b1598f597c6', '2025-06-19 16:31:11', 'disponible'),
                                                                                                         (153, NULL, 54, 23, 'TICKET_a1b1d4c5fb3a6068', '2025-06-19 16:31:11', 'disponible'),
                                                                                                         (154, NULL, 54, 23, 'TICKET_1a1cca17e4de78b8', '2025-06-19 16:31:11', 'disponible'),
                                                                                                         (155, NULL, 54, 23, 'TICKET_dcdba7aa17209d23', '2025-06-19 16:31:11', 'disponible'),
                                                                                                         (156, NULL, 55, 24, 'TICKET_714c15260ce2fc8e', '2025-06-19 16:32:35', 'disponible'),
                                                                                                         (157, NULL, 55, 24, 'TICKET_9553291cfa127e59', '2025-06-19 16:32:35', 'disponible'),
                                                                                                         (158, NULL, 55, 24, 'TICKET_4af8449cda538534', '2025-06-19 16:32:35', 'disponible'),
                                                                                                         (159, NULL, 55, 24, 'TICKET_9d527a5be4977e53', '2025-06-19 16:32:35', 'disponible'),
                                                                                                         (160, NULL, 55, 24, 'TICKET_6512208464425410', '2025-06-19 16:32:35', 'disponible'),
                                                                                                         (161, NULL, 55, 24, 'TICKET_d02331739ff5d7c9', '2025-06-19 16:32:35', 'disponible'),
                                                                                                         (162, NULL, 55, 24, 'TICKET_25a86399cc1c8460', '2025-06-19 16:32:35', 'disponible'),
                                                                                                         (163, NULL, 55, 24, 'TICKET_f5746369273f9908', '2025-06-19 16:32:35', 'disponible'),
                                                                                                         (164, NULL, 55, 24, 'TICKET_cb8becd75adf191e', '2025-06-19 16:32:35', 'disponible'),
                                                                                                         (165, NULL, 55, 24, 'TICKET_76212dc3643fc1f0', '2025-06-19 16:32:35', 'disponible'),
                                                                                                         (166, NULL, 56, 25, 'TICKET_566faebbbb51d1eb', '2025-06-19 16:33:22', 'disponible'),
                                                                                                         (167, NULL, 56, 25, 'TICKET_db719c34580594aa', '2025-06-19 16:33:22', 'disponible'),
                                                                                                         (168, NULL, 56, 25, 'TICKET_eaf2c15d9c8b91d7', '2025-06-19 16:33:22', 'disponible'),
                                                                                                         (169, NULL, 56, 25, 'TICKET_6acc240cad613cc8', '2025-06-19 16:33:22', 'disponible'),
                                                                                                         (170, NULL, 56, 25, 'TICKET_1be10f2ac59d8dfa', '2025-06-19 16:33:22', 'disponible'),
                                                                                                         (171, NULL, 56, 25, 'TICKET_c59d6420212f17c2', '2025-06-19 16:33:22', 'disponible'),
                                                                                                         (172, NULL, 56, 25, 'TICKET_2bf4b6ae2d4b11d0', '2025-06-19 16:33:22', 'disponible'),
                                                                                                         (173, NULL, 56, 25, 'TICKET_63add463aab6f74a', '2025-06-19 16:33:22', 'disponible'),
                                                                                                         (174, NULL, 56, 25, 'TICKET_3bb2658a94e8eb29', '2025-06-19 16:33:22', 'disponible'),
                                                                                                         (175, NULL, 56, 25, 'TICKET_59bc2db312d1e781', '2025-06-19 16:33:22', 'disponible'),
                                                                                                         (176, NULL, 57, 26, 'TICKET_62a6ea2dd9e9240c', '2025-06-19 16:33:54', 'disponible'),
                                                                                                         (177, NULL, 57, 26, 'TICKET_27bb1a18bb9f7ba9', '2025-06-19 16:33:54', 'disponible'),
                                                                                                         (178, NULL, 57, 26, 'TICKET_e6ba955fec3f4f43', '2025-06-19 16:33:54', 'disponible'),
                                                                                                         (179, NULL, 57, 26, 'TICKET_773fcea347573187', '2025-06-19 16:33:54', 'disponible'),
                                                                                                         (180, NULL, 57, 26, 'TICKET_1faf83467560b13e', '2025-06-19 16:33:54', 'disponible'),
                                                                                                         (181, NULL, 57, 26, 'TICKET_fa0a991ce6038738', '2025-06-19 16:33:54', 'disponible'),
                                                                                                         (182, NULL, 57, 26, 'TICKET_c5d14ef87af1ca66', '2025-06-19 16:33:54', 'disponible'),
                                                                                                         (183, NULL, 57, 26, 'TICKET_f413c6dc0025e5c7', '2025-06-19 16:33:54', 'disponible'),
                                                                                                         (184, NULL, 57, 26, 'TICKET_f3dd15f67a517d94', '2025-06-19 16:33:54', 'disponible'),
                                                                                                         (185, NULL, 57, 26, 'TICKET_389c0a7611cf22f0', '2025-06-19 16:33:54', 'disponible'),
                                                                                                         (186, NULL, 58, 27, 'TICKET_6ba68b3a41177b28', '2025-06-19 16:34:19', 'disponible'),
                                                                                                         (187, NULL, 58, 27, 'TICKET_93c0e4d711d7937c', '2025-06-19 16:34:19', 'disponible'),
                                                                                                         (188, NULL, 58, 27, 'TICKET_ac28163e9c9fa222', '2025-06-19 16:34:19', 'disponible'),
                                                                                                         (189, NULL, 58, 27, 'TICKET_682f0d2cd7b83281', '2025-06-19 16:34:19', 'disponible'),
                                                                                                         (190, NULL, 58, 27, 'TICKET_17f1ac3118b295eb', '2025-06-19 16:34:19', 'disponible'),
                                                                                                         (191, NULL, 58, 27, 'TICKET_2624599213876870', '2025-06-19 16:34:19', 'disponible'),
                                                                                                         (192, NULL, 58, 27, 'TICKET_672c6bb1305b47e9', '2025-06-19 16:34:19', 'disponible'),
                                                                                                         (193, NULL, 58, 27, 'TICKET_4d5c5ffa7d0eef48', '2025-06-19 16:34:19', 'disponible'),
                                                                                                         (194, NULL, 58, 27, 'TICKET_7018dd23b1b29fb3', '2025-06-19 16:34:19', 'disponible'),
                                                                                                         (195, NULL, 58, 27, 'TICKET_23b31b31485e2c8c', '2025-06-19 16:34:19', 'disponible'),
                                                                                                         (196, NULL, 59, 28, 'TICKET_20ffe1f2824b987f', '2025-06-19 16:34:42', 'disponible'),
                                                                                                         (197, NULL, 59, 28, 'TICKET_6cd51796aa4ed849', '2025-06-19 16:34:42', 'disponible'),
                                                                                                         (198, NULL, 59, 28, 'TICKET_919d3420f6f7534d', '2025-06-19 16:34:42', 'disponible'),
                                                                                                         (199, NULL, 59, 28, 'TICKET_be2fc816b8386690', '2025-06-19 16:34:42', 'disponible'),
                                                                                                         (200, NULL, 59, 28, 'TICKET_dfb694458b78bff3', '2025-06-19 16:34:42', 'disponible'),
                                                                                                         (201, NULL, 59, 28, 'TICKET_accfd16ee58a7e63', '2025-06-19 16:34:42', 'disponible'),
                                                                                                         (202, NULL, 59, 28, 'TICKET_4f48a98c4002e6be', '2025-06-19 16:34:42', 'disponible'),
                                                                                                         (203, NULL, 59, 28, 'TICKET_567fb903e127016b', '2025-06-19 16:34:42', 'disponible'),
                                                                                                         (204, NULL, 59, 28, 'TICKET_2a9d8c5d449d1466', '2025-06-19 16:34:42', 'disponible'),
                                                                                                         (205, NULL, 59, 28, 'TICKET_d0d703ac388ae51c', '2025-06-19 16:34:42', 'disponible'),
                                                                                                         (206, NULL, 60, 29, 'TICKET_59b7f185d43330dc', '2025-06-19 16:35:05', 'disponible'),
                                                                                                         (207, NULL, 60, 29, 'TICKET_a56438fb8e1d98f7', '2025-06-19 16:35:05', 'disponible'),
                                                                                                         (208, NULL, 60, 29, 'TICKET_41ecaa762f96daf8', '2025-06-19 16:35:05', 'disponible'),
                                                                                                         (209, NULL, 60, 29, 'TICKET_887381a5b762d3ef', '2025-06-19 16:35:05', 'disponible'),
                                                                                                         (210, NULL, 60, 29, 'TICKET_3139331ddb3cd7f6', '2025-06-19 16:35:05', 'disponible'),
                                                                                                         (211, NULL, 60, 29, 'TICKET_c6eb2d5f7574a023', '2025-06-19 16:35:05', 'disponible'),
                                                                                                         (212, NULL, 60, 29, 'TICKET_22d04927ee416253', '2025-06-19 16:35:05', 'disponible'),
                                                                                                         (213, NULL, 60, 29, 'TICKET_f31693b08e172bd6', '2025-06-19 16:35:05', 'disponible'),
                                                                                                         (214, NULL, 60, 29, 'TICKET_0a0d50178831c51b', '2025-06-19 16:35:05', 'disponible'),
                                                                                                         (215, NULL, 60, 29, 'TICKET_e8eec01f979c4f89', '2025-06-19 16:35:05', 'disponible'),
                                                                                                         (216, NULL, 61, 30, 'TICKET_6dc5db7e3e2e5241', '2025-06-19 16:35:37', 'disponible'),
                                                                                                         (217, NULL, 61, 30, 'TICKET_4a2b112efd951f6d', '2025-06-19 16:35:37', 'disponible'),
                                                                                                         (218, NULL, 61, 30, 'TICKET_17af851321899237', '2025-06-19 16:35:37', 'disponible'),
                                                                                                         (219, NULL, 61, 30, 'TICKET_3ba8e2bae9505a92', '2025-06-19 16:35:37', 'disponible'),
                                                                                                         (220, NULL, 61, 30, 'TICKET_e52e755c5b077663', '2025-06-19 16:35:37', 'disponible'),
                                                                                                         (221, NULL, 61, 30, 'TICKET_7041b633229da6f7', '2025-06-19 16:35:37', 'disponible'),
                                                                                                         (222, NULL, 61, 30, 'TICKET_a7dc0fb037790739', '2025-06-19 16:35:37', 'disponible'),
                                                                                                         (223, NULL, 61, 30, 'TICKET_2acda91b878d72b9', '2025-06-19 16:35:37', 'disponible'),
                                                                                                         (224, NULL, 61, 30, 'TICKET_ef4ad355ff9004b3', '2025-06-19 16:35:37', 'disponible'),
                                                                                                         (225, NULL, 61, 30, 'TICKET_47d22319f8d2e244', '2025-06-19 16:35:37', 'disponible'),
                                                                                                         (226, NULL, 62, 31, 'TICKET_1485907d00c2a991', '2025-06-19 16:36:52', 'disponible'),
                                                                                                         (227, NULL, 62, 31, 'TICKET_adcc16808c2f77a4', '2025-06-19 16:36:52', 'disponible'),
                                                                                                         (228, NULL, 62, 31, 'TICKET_f8b2cf7b6689df71', '2025-06-19 16:36:52', 'disponible'),
                                                                                                         (229, NULL, 62, 31, 'TICKET_56f63461c1734ebd', '2025-06-19 16:36:52', 'disponible'),
                                                                                                         (230, NULL, 62, 31, 'TICKET_03dfca0e29bde7dc', '2025-06-19 16:36:52', 'disponible'),
                                                                                                         (231, NULL, 62, 31, 'TICKET_3d4a5ad44508dc76', '2025-06-19 16:36:52', 'disponible'),
                                                                                                         (232, NULL, 62, 31, 'TICKET_06e2d1c2bcb0f641', '2025-06-19 16:36:52', 'disponible'),
                                                                                                         (233, NULL, 62, 31, 'TICKET_c9617113b2b29085', '2025-06-19 16:36:52', 'disponible'),
                                                                                                         (234, NULL, 62, 31, 'TICKET_acdd4589132d35b1', '2025-06-19 16:36:52', 'disponible'),
                                                                                                         (235, NULL, 62, 31, 'TICKET_2101932ae5b0d262', '2025-06-19 16:36:52', 'disponible'),
                                                                                                         (236, NULL, 63, 32, 'TICKET_9a73c7c4647d8408', '2025-06-19 16:37:37', 'disponible'),
                                                                                                         (237, NULL, 63, 32, 'TICKET_85f87662cb3e42f4', '2025-06-19 16:37:37', 'disponible'),
                                                                                                         (238, NULL, 63, 32, 'TICKET_6cba86cbc4d21cc2', '2025-06-19 16:37:37', 'disponible'),
                                                                                                         (239, NULL, 63, 32, 'TICKET_2a35ffd005b7625f', '2025-06-19 16:37:37', 'disponible'),
                                                                                                         (240, NULL, 63, 32, 'TICKET_41b4fb7dd6bd7b92', '2025-06-19 16:37:37', 'disponible'),
                                                                                                         (241, NULL, 63, 32, 'TICKET_6cab549ec0c05638', '2025-06-19 16:37:37', 'disponible'),
                                                                                                         (242, NULL, 63, 32, 'TICKET_37dc957b3a4bd1eb', '2025-06-19 16:37:37', 'disponible'),
                                                                                                         (243, NULL, 63, 32, 'TICKET_d0aa94d366447103', '2025-06-19 16:37:37', 'disponible'),
                                                                                                         (244, NULL, 63, 32, 'TICKET_80ea679fb094d2f6', '2025-06-19 16:37:37', 'disponible'),
                                                                                                         (245, NULL, 63, 32, 'TICKET_63ec8b1a6df39a29', '2025-06-19 16:37:37', 'disponible'),
                                                                                                         (246, NULL, 64, 33, 'TICKET_921355609ba25780', '2025-06-19 16:38:02', 'disponible'),
                                                                                                         (247, NULL, 64, 33, 'TICKET_c222ca020fff8eeb', '2025-06-19 16:38:02', 'disponible'),
                                                                                                         (248, NULL, 64, 33, 'TICKET_c579514344571f74', '2025-06-19 16:38:02', 'disponible'),
                                                                                                         (249, NULL, 64, 33, 'TICKET_9931d7b307676f4a', '2025-06-19 16:38:02', 'disponible'),
                                                                                                         (250, NULL, 64, 33, 'TICKET_7610cf500bd1169c', '2025-06-19 16:38:02', 'disponible'),
                                                                                                         (251, NULL, 64, 33, 'TICKET_a6601bf8aba32d52', '2025-06-19 16:38:02', 'disponible'),
                                                                                                         (252, NULL, 64, 33, 'TICKET_c9890f60c23f15c8', '2025-06-19 16:38:02', 'disponible'),
                                                                                                         (253, NULL, 64, 33, 'TICKET_a013f2a279339e6b', '2025-06-19 16:38:02', 'disponible'),
                                                                                                         (254, NULL, 64, 33, 'TICKET_4bb0ff28f7071bed', '2025-06-19 16:38:02', 'disponible'),
                                                                                                         (255, NULL, 64, 33, 'TICKET_329c45f0392f2627', '2025-06-19 16:38:02', 'disponible'),
                                                                                                         (256, NULL, 65, 44, 'TICKET_1e9e38d7cd1a6551', '2025-06-19 16:38:27', 'disponible'),
                                                                                                         (257, NULL, 65, 44, 'TICKET_e8a50df29feeabe6', '2025-06-19 16:38:27', 'disponible'),
                                                                                                         (258, NULL, 65, 44, 'TICKET_9c932b4164b984ab', '2025-06-19 16:38:27', 'disponible'),
                                                                                                         (259, NULL, 65, 44, 'TICKET_a4b35be26f30a348', '2025-06-19 16:38:27', 'disponible'),
                                                                                                         (260, NULL, 65, 44, 'TICKET_1814e094a8421edd', '2025-06-19 16:38:27', 'disponible'),
                                                                                                         (261, NULL, 65, 44, 'TICKET_7482c20fe5ee77db', '2025-06-19 16:38:27', 'disponible'),
                                                                                                         (262, NULL, 65, 44, 'TICKET_11cc142f90e88eed', '2025-06-19 16:38:27', 'disponible'),
                                                                                                         (263, NULL, 65, 44, 'TICKET_72a916a4478cf43a', '2025-06-19 16:38:27', 'disponible'),
                                                                                                         (264, NULL, 65, 44, 'TICKET_01121ba65740bee3', '2025-06-19 16:38:27', 'disponible'),
                                                                                                         (265, NULL, 65, 44, 'TICKET_cf69f6df9e4788e7', '2025-06-19 16:38:27', 'disponible'),
                                                                                                         (266, NULL, 66, 45, 'TICKET_d2f65de5b71152b3', '2025-06-19 16:38:52', 'disponible'),
                                                                                                         (267, NULL, 66, 45, 'TICKET_78fa9024655e9939', '2025-06-19 16:38:52', 'disponible'),
                                                                                                         (268, NULL, 66, 45, 'TICKET_c3363fd6f3859385', '2025-06-19 16:38:52', 'disponible'),
                                                                                                         (269, NULL, 66, 45, 'TICKET_4d0b198c1f565e4a', '2025-06-19 16:38:52', 'disponible'),
                                                                                                         (270, NULL, 66, 45, 'TICKET_23894df301ddf6f4', '2025-06-19 16:38:52', 'disponible'),
                                                                                                         (271, NULL, 66, 45, 'TICKET_a0a52fe80f799c58', '2025-06-19 16:38:52', 'disponible'),
                                                                                                         (272, NULL, 66, 45, 'TICKET_b0d8dcaf14e8730b', '2025-06-19 16:38:52', 'disponible'),
                                                                                                         (273, NULL, 66, 45, 'TICKET_66d5b6501e597d4d', '2025-06-19 16:38:52', 'disponible'),
                                                                                                         (274, NULL, 66, 45, 'TICKET_8d7c7278c34e286a', '2025-06-19 16:38:52', 'disponible'),
                                                                                                         (275, NULL, 66, 45, 'TICKET_9537e09b9ff58e07', '2025-06-19 16:38:52', 'disponible'),
                                                                                                         (276, NULL, 67, 46, 'TICKET_c4e47cfc788e296c', '2025-06-19 16:40:22', 'disponible'),
                                                                                                         (277, NULL, 67, 46, 'TICKET_7106470686072ff5', '2025-06-19 16:40:22', 'disponible'),
                                                                                                         (278, NULL, 67, 46, 'TICKET_73bd2706de7752d5', '2025-06-19 16:40:22', 'disponible'),
                                                                                                         (279, NULL, 67, 46, 'TICKET_a1da796c18658c58', '2025-06-19 16:40:22', 'disponible'),
                                                                                                         (280, NULL, 67, 46, 'TICKET_e3c656c02efa2e45', '2025-06-19 16:40:22', 'disponible'),
                                                                                                         (281, NULL, 67, 46, 'TICKET_e054b5a1a205f0a5', '2025-06-19 16:40:22', 'disponible'),
                                                                                                         (282, NULL, 67, 46, 'TICKET_df7b75a8c58ecb59', '2025-06-19 16:40:22', 'disponible'),
                                                                                                         (283, NULL, 67, 46, 'TICKET_c625fad4c2a12d72', '2025-06-19 16:40:22', 'disponible'),
                                                                                                         (284, NULL, 67, 46, 'TICKET_b06f979e414d3f35', '2025-06-19 16:40:22', 'disponible'),
                                                                                                         (285, NULL, 67, 46, 'TICKET_f79ea616fba89ccf', '2025-06-19 16:40:22', 'disponible'),
                                                                                                         (286, NULL, 68, 47, 'TICKET_c8ff5c8e2658c948', '2025-06-19 16:41:04', 'disponible'),
                                                                                                         (287, NULL, 68, 47, 'TICKET_b61ddd2a0541582f', '2025-06-19 16:41:04', 'disponible'),
                                                                                                         (288, NULL, 68, 47, 'TICKET_1ed1e2963e922bf6', '2025-06-19 16:41:04', 'disponible'),
                                                                                                         (289, NULL, 68, 47, 'TICKET_a5e1c49139c309b7', '2025-06-19 16:41:04', 'disponible'),
                                                                                                         (290, NULL, 68, 47, 'TICKET_13833172769010a8', '2025-06-19 16:41:04', 'disponible'),
                                                                                                         (291, NULL, 68, 47, 'TICKET_65ee4415ab92f0df', '2025-06-19 16:41:04', 'disponible'),
                                                                                                         (292, NULL, 68, 47, 'TICKET_450da19cc24a066c', '2025-06-19 16:41:04', 'disponible'),
                                                                                                         (293, NULL, 68, 47, 'TICKET_629800cae57808d0', '2025-06-19 16:41:04', 'disponible'),
                                                                                                         (294, NULL, 68, 47, 'TICKET_100c4323310abcac', '2025-06-19 16:41:04', 'disponible'),
                                                                                                         (295, NULL, 68, 47, 'TICKET_7662985c6c5d8682', '2025-06-19 16:41:04', 'disponible'),
                                                                                                         (296, NULL, 69, 48, 'TICKET_c43eca8ecacb7cba', '2025-06-19 16:41:31', 'disponible'),
                                                                                                         (297, NULL, 69, 48, 'TICKET_70b246c59f17a7d0', '2025-06-19 16:41:31', 'disponible'),
                                                                                                         (298, NULL, 69, 48, 'TICKET_48afcab31af1540c', '2025-06-19 16:41:31', 'disponible'),
                                                                                                         (299, NULL, 69, 48, 'TICKET_a46fd8100c1e2cca', '2025-06-19 16:41:31', 'disponible'),
                                                                                                         (300, NULL, 69, 48, 'TICKET_560916cce01d4a49', '2025-06-19 16:41:31', 'disponible'),
                                                                                                         (301, NULL, 69, 48, 'TICKET_ffe066764b0f1150', '2025-06-19 16:41:31', 'disponible'),
                                                                                                         (302, NULL, 69, 48, 'TICKET_fa70d4c8a2002f72', '2025-06-19 16:41:31', 'disponible'),
                                                                                                         (303, NULL, 69, 48, 'TICKET_b513f7f3e5679043', '2025-06-19 16:41:31', 'disponible'),
                                                                                                         (304, NULL, 69, 48, 'TICKET_ef19b1d85545e85e', '2025-06-19 16:41:31', 'disponible'),
                                                                                                         (305, NULL, 69, 48, 'TICKET_6773ef26aae2bbec', '2025-06-19 16:41:31', 'disponible'),
                                                                                                         (306, NULL, 70, 49, 'TICKET_a9c75af9cb99edf3', '2025-06-19 16:41:57', 'disponible'),
                                                                                                         (307, NULL, 70, 49, 'TICKET_7ca2fcb1408d52ff', '2025-06-19 16:41:57', 'disponible'),
                                                                                                         (308, NULL, 70, 49, 'TICKET_cc65cf1ba9ff83db', '2025-06-19 16:41:57', 'disponible'),
                                                                                                         (309, NULL, 70, 49, 'TICKET_403c9eed55dd52a6', '2025-06-19 16:41:57', 'disponible'),
                                                                                                         (310, NULL, 70, 49, 'TICKET_2693ccbcb354521d', '2025-06-19 16:41:57', 'disponible'),
                                                                                                         (311, NULL, 70, 49, 'TICKET_4954e893e246ada0', '2025-06-19 16:41:57', 'disponible'),
                                                                                                         (312, NULL, 70, 49, 'TICKET_03a73d96b4c25482', '2025-06-19 16:41:57', 'disponible'),
                                                                                                         (313, NULL, 70, 49, 'TICKET_0d1f244a844c2076', '2025-06-19 16:41:57', 'disponible'),
                                                                                                         (314, NULL, 70, 49, 'TICKET_2db37804c0d7d908', '2025-06-19 16:41:57', 'disponible'),
                                                                                                         (315, NULL, 70, 49, 'TICKET_6117be5da7d04f19', '2025-06-19 16:41:57', 'disponible'),
                                                                                                         (316, NULL, 71, 50, 'TICKET_e4988229fde7d630', '2025-06-19 16:42:31', 'disponible'),
                                                                                                         (317, NULL, 71, 50, 'TICKET_fa8a48ed87c0f335', '2025-06-19 16:42:31', 'disponible'),
                                                                                                         (318, NULL, 71, 50, 'TICKET_73e372ecfc1677d2', '2025-06-19 16:42:31', 'disponible'),
                                                                                                         (319, NULL, 71, 50, 'TICKET_c7284ecc90c10558', '2025-06-19 16:42:31', 'disponible'),
                                                                                                         (320, NULL, 71, 50, 'TICKET_01379da595c10ad5', '2025-06-19 16:42:31', 'disponible'),
                                                                                                         (321, NULL, 71, 50, 'TICKET_4869350c560cfafb', '2025-06-19 16:42:31', 'disponible'),
                                                                                                         (322, NULL, 71, 50, 'TICKET_9bd31bcf01d12e43', '2025-06-19 16:42:31', 'disponible'),
                                                                                                         (323, NULL, 71, 50, 'TICKET_a614a6cd12cddfe3', '2025-06-19 16:42:31', 'disponible'),
                                                                                                         (324, NULL, 71, 50, 'TICKET_326489d85c7df302', '2025-06-19 16:42:31', 'disponible'),
                                                                                                         (325, NULL, 71, 50, 'TICKET_6039f24b53723d61', '2025-06-19 16:42:31', 'disponible'),
                                                                                                         (326, NULL, 72, 51, 'TICKET_3838e5feff70ba24', '2025-06-19 16:42:50', 'disponible'),
                                                                                                         (327, NULL, 72, 51, 'TICKET_25d9eaad3cebc730', '2025-06-19 16:42:50', 'disponible'),
                                                                                                         (328, NULL, 72, 51, 'TICKET_b478a6c0276f7b2e', '2025-06-19 16:42:50', 'disponible'),
                                                                                                         (329, NULL, 72, 51, 'TICKET_60bec4617db8c9e5', '2025-06-19 16:42:50', 'disponible'),
                                                                                                         (330, NULL, 72, 51, 'TICKET_842e1e31a2be7908', '2025-06-19 16:42:50', 'disponible'),
                                                                                                         (331, NULL, 72, 51, 'TICKET_99c96f17f346b881', '2025-06-19 16:42:50', 'disponible'),
                                                                                                         (332, NULL, 72, 51, 'TICKET_8552714416454f98', '2025-06-19 16:42:50', 'disponible'),
                                                                                                         (333, NULL, 72, 51, 'TICKET_b2759a5456291de9', '2025-06-19 16:42:50', 'disponible'),
                                                                                                         (334, NULL, 72, 51, 'TICKET_455478dd50d70dfc', '2025-06-19 16:42:50', 'disponible'),
                                                                                                         (335, NULL, 72, 51, 'TICKET_ae5e011c71c11959', '2025-06-19 16:42:50', 'disponible'),
                                                                                                         (336, NULL, 73, 52, 'TICKET_aac6eb26c748dca6', '2025-06-19 16:43:46', 'disponible'),
                                                                                                         (337, NULL, 73, 52, 'TICKET_c9d9c45ec8a87a78', '2025-06-19 16:43:46', 'disponible'),
                                                                                                         (338, NULL, 73, 52, 'TICKET_c07b10ebef4498b9', '2025-06-19 16:43:46', 'disponible'),
                                                                                                         (339, NULL, 73, 52, 'TICKET_233e838769e2ecca', '2025-06-19 16:43:46', 'disponible'),
                                                                                                         (340, NULL, 73, 52, 'TICKET_fbb6c81dab0f789c', '2025-06-19 16:43:46', 'disponible'),
                                                                                                         (341, NULL, 73, 52, 'TICKET_32f9856b7ae62090', '2025-06-19 16:43:46', 'disponible'),
                                                                                                         (342, NULL, 73, 52, 'TICKET_491f9aa8b30ad41b', '2025-06-19 16:43:46', 'disponible'),
                                                                                                         (343, NULL, 73, 52, 'TICKET_e77fba6c84cf43e6', '2025-06-19 16:43:46', 'disponible'),
                                                                                                         (344, NULL, 73, 52, 'TICKET_d320e9bf6c9d997d', '2025-06-19 16:43:46', 'disponible'),
                                                                                                         (345, NULL, 73, 52, 'TICKET_520a88b81a000ea4', '2025-06-19 16:43:46', 'disponible'),
                                                                                                         (346, NULL, 74, 53, 'TICKET_ba3c8b3272cc27e5', '2025-06-19 16:44:09', 'disponible'),
                                                                                                         (347, NULL, 74, 53, 'TICKET_4c85d461b3c5d0c5', '2025-06-19 16:44:09', 'disponible'),
                                                                                                         (348, NULL, 74, 53, 'TICKET_9be12c857e7c4bf4', '2025-06-19 16:44:09', 'disponible'),
                                                                                                         (349, NULL, 74, 53, 'TICKET_703bf6a490449e80', '2025-06-19 16:44:09', 'disponible'),
                                                                                                         (350, NULL, 74, 53, 'TICKET_4270b253711961bd', '2025-06-19 16:44:09', 'disponible'),
                                                                                                         (351, NULL, 74, 53, 'TICKET_cc4a9864c54e8792', '2025-06-19 16:44:09', 'disponible'),
                                                                                                         (352, NULL, 74, 53, 'TICKET_b7b70ca3f1f46e27', '2025-06-19 16:44:09', 'disponible'),
                                                                                                         (353, NULL, 74, 53, 'TICKET_1ecdebd4dcdffbea', '2025-06-19 16:44:09', 'disponible'),
                                                                                                         (354, NULL, 74, 53, 'TICKET_e9f664c0dc264eed', '2025-06-19 16:44:09', 'disponible'),
                                                                                                         (355, NULL, 74, 53, 'TICKET_8f980d4e79cb99d8', '2025-06-19 16:44:09', 'disponible'),
                                                                                                         (356, NULL, 75, 54, 'TICKET_4f5629df14f0fc99', '2025-06-19 16:44:47', 'disponible'),
                                                                                                         (357, NULL, 75, 54, 'TICKET_e0aabbea4b24d74d', '2025-06-19 16:44:47', 'disponible'),
                                                                                                         (358, NULL, 75, 54, 'TICKET_7236a4c5e507b1c2', '2025-06-19 16:44:47', 'disponible'),
                                                                                                         (359, NULL, 75, 54, 'TICKET_bd52c4296781cc0b', '2025-06-19 16:44:47', 'disponible'),
                                                                                                         (360, NULL, 75, 54, 'TICKET_d388add2e9664c36', '2025-06-19 16:44:47', 'disponible'),
                                                                                                         (361, NULL, 75, 54, 'TICKET_522b108674bea877', '2025-06-19 16:44:47', 'disponible'),
                                                                                                         (362, NULL, 75, 54, 'TICKET_ec31b4f5eb77edbb', '2025-06-19 16:44:47', 'disponible'),
                                                                                                         (363, NULL, 75, 54, 'TICKET_b5a8b1133b569347', '2025-06-19 16:44:47', 'disponible'),
                                                                                                         (364, NULL, 75, 54, 'TICKET_f14f630cd84af762', '2025-06-19 16:44:47', 'disponible'),
                                                                                                         (365, NULL, 75, 54, 'TICKET_36c5757916916a35', '2025-06-19 16:44:47', 'disponible'),
                                                                                                         (366, NULL, 76, 55, 'TICKET_d0efe4df50005b4b', '2025-06-19 16:45:06', 'disponible'),
                                                                                                         (367, NULL, 76, 55, 'TICKET_bc8a4eab715777cf', '2025-06-19 16:45:06', 'disponible'),
                                                                                                         (368, NULL, 76, 55, 'TICKET_864dda0552f38346', '2025-06-19 16:45:06', 'disponible'),
                                                                                                         (369, NULL, 76, 55, 'TICKET_77165731077e7719', '2025-06-19 16:45:06', 'disponible'),
                                                                                                         (370, NULL, 76, 55, 'TICKET_16999be32f8163aa', '2025-06-19 16:45:06', 'disponible'),
                                                                                                         (371, NULL, 76, 55, 'TICKET_7af33d79c6d77c23', '2025-06-19 16:45:06', 'disponible'),
                                                                                                         (372, NULL, 76, 55, 'TICKET_112a22ebdf092464', '2025-06-19 16:45:06', 'disponible'),
                                                                                                         (373, NULL, 76, 55, 'TICKET_f90f92a5ae226551', '2025-06-19 16:45:06', 'disponible'),
                                                                                                         (374, NULL, 76, 55, 'TICKET_9af5540f839e45b2', '2025-06-19 16:45:06', 'disponible'),
                                                                                                         (375, NULL, 76, 55, 'TICKET_e222dc8163fce71e', '2025-06-19 16:45:06', 'disponible'),
                                                                                                         (376, NULL, 77, 56, 'TICKET_cffe51945d0cdf58', '2025-06-19 16:45:28', 'disponible'),
                                                                                                         (377, NULL, 77, 56, 'TICKET_762fc12335ec2b7a', '2025-06-19 16:45:28', 'disponible'),
                                                                                                         (378, NULL, 77, 56, 'TICKET_496b8cb52492a016', '2025-06-19 16:45:28', 'disponible'),
                                                                                                         (379, NULL, 77, 56, 'TICKET_c5d17320b6861ff2', '2025-06-19 16:45:28', 'disponible'),
                                                                                                         (380, NULL, 77, 56, 'TICKET_d09d4a58ac44106e', '2025-06-19 16:45:28', 'disponible'),
                                                                                                         (381, NULL, 77, 56, 'TICKET_f6e3804cb0913f40', '2025-06-19 16:45:28', 'disponible'),
                                                                                                         (382, NULL, 77, 56, 'TICKET_24e9d59f42091834', '2025-06-19 16:45:28', 'disponible'),
                                                                                                         (383, NULL, 77, 56, 'TICKET_01eb81591a0d44ef', '2025-06-19 16:45:28', 'disponible'),
                                                                                                         (384, NULL, 77, 56, 'TICKET_0e5ed5abad16905b', '2025-06-19 16:45:28', 'disponible'),
                                                                                                         (385, NULL, 77, 56, 'TICKET_af14d6300029254d', '2025-06-19 16:45:28', 'disponible'),
                                                                                                         (386, NULL, 78, 57, 'TICKET_00fbaa30ace95615', '2025-06-19 16:45:44', 'disponible'),
                                                                                                         (387, NULL, 78, 57, 'TICKET_3d747c406ad09f21', '2025-06-19 16:45:44', 'disponible'),
                                                                                                         (388, NULL, 78, 57, 'TICKET_336fb31c179836f0', '2025-06-19 16:45:44', 'disponible'),
                                                                                                         (389, NULL, 78, 57, 'TICKET_6446961687f865fa', '2025-06-19 16:45:44', 'disponible'),
                                                                                                         (390, NULL, 78, 57, 'TICKET_d5b981251f2ae411', '2025-06-19 16:45:44', 'disponible'),
                                                                                                         (391, NULL, 78, 57, 'TICKET_5978bb469ae763cc', '2025-06-19 16:45:44', 'disponible'),
                                                                                                         (392, NULL, 78, 57, 'TICKET_bddeabaf4942f966', '2025-06-19 16:45:44', 'disponible'),
                                                                                                         (393, NULL, 78, 57, 'TICKET_267d851290bddca7', '2025-06-19 16:45:44', 'disponible'),
                                                                                                         (394, NULL, 78, 57, 'TICKET_2e36054db78df253', '2025-06-19 16:45:44', 'disponible'),
                                                                                                         (395, NULL, 78, 57, 'TICKET_e24f5402f3a7b483', '2025-06-19 16:45:44', 'disponible'),
                                                                                                         (396, NULL, 79, 58, 'TICKET_875664b093a41ce4', '2025-06-19 16:46:00', 'disponible'),
                                                                                                         (397, NULL, 79, 58, 'TICKET_805c1c5b184cf346', '2025-06-19 16:46:00', 'disponible'),
                                                                                                         (398, NULL, 79, 58, 'TICKET_4baabf6b6941bf82', '2025-06-19 16:46:00', 'disponible'),
                                                                                                         (399, NULL, 79, 58, 'TICKET_c53155ab98bd2650', '2025-06-19 16:46:00', 'disponible'),
                                                                                                         (400, NULL, 79, 58, 'TICKET_aeb99cc0c6f50484', '2025-06-19 16:46:00', 'disponible'),
                                                                                                         (401, NULL, 79, 58, 'TICKET_187bd2db3e708f44', '2025-06-19 16:46:00', 'disponible'),
                                                                                                         (402, NULL, 79, 58, 'TICKET_d4c8c3fa5992a543', '2025-06-19 16:46:00', 'disponible'),
                                                                                                         (403, NULL, 79, 58, 'TICKET_34871cdab1979930', '2025-06-19 16:46:00', 'disponible'),
                                                                                                         (404, NULL, 79, 58, 'TICKET_be47e805b62de05a', '2025-06-19 16:46:00', 'disponible'),
                                                                                                         (405, NULL, 79, 58, 'TICKET_3d988344efd33777', '2025-06-19 16:46:00', 'disponible'),
                                                                                                         (406, NULL, 80, 59, 'TICKET_a04c15d6a11ff726', '2025-06-19 16:46:28', 'disponible'),
                                                                                                         (407, NULL, 80, 59, 'TICKET_01c4b27ea8ec743a', '2025-06-19 16:46:28', 'disponible'),
                                                                                                         (408, NULL, 80, 59, 'TICKET_f84b433797e6212f', '2025-06-19 16:46:28', 'disponible'),
                                                                                                         (409, NULL, 80, 59, 'TICKET_336b9555d5d0a155', '2025-06-19 16:46:28', 'disponible'),
                                                                                                         (410, NULL, 80, 59, 'TICKET_dff9b332eb8bf147', '2025-06-19 16:46:28', 'disponible'),
                                                                                                         (411, NULL, 80, 59, 'TICKET_467384369160b1d9', '2025-06-19 16:46:28', 'disponible'),
                                                                                                         (412, NULL, 80, 59, 'TICKET_1bb1085b10c17ec9', '2025-06-19 16:46:28', 'disponible'),
                                                                                                         (413, NULL, 80, 59, 'TICKET_2a9040bf1fad4df2', '2025-06-19 16:46:28', 'disponible'),
                                                                                                         (414, NULL, 80, 59, 'TICKET_3420062c03dc440b', '2025-06-19 16:46:28', 'disponible'),
                                                                                                         (415, NULL, 80, 59, 'TICKET_5f8e6077a3ce97c0', '2025-06-19 16:46:28', 'disponible'),
                                                                                                         (416, NULL, 81, 60, 'TICKET_c8cfce34424bc674', '2025-06-19 16:46:45', 'disponible'),
                                                                                                         (417, NULL, 81, 60, 'TICKET_6471312f4a6098b1', '2025-06-19 16:46:45', 'disponible'),
                                                                                                         (418, NULL, 81, 60, 'TICKET_af353999722678e4', '2025-06-19 16:46:45', 'disponible'),
                                                                                                         (419, NULL, 81, 60, 'TICKET_8b50afc9830c93ec', '2025-06-19 16:46:45', 'disponible'),
                                                                                                         (420, NULL, 81, 60, 'TICKET_21a43de1ab8b30f4', '2025-06-19 16:46:45', 'disponible'),
                                                                                                         (421, NULL, 81, 60, 'TICKET_b0817aebab1fb664', '2025-06-19 16:46:45', 'disponible'),
                                                                                                         (422, NULL, 81, 60, 'TICKET_1b645fce073503ee', '2025-06-19 16:46:45', 'disponible'),
                                                                                                         (423, NULL, 81, 60, 'TICKET_649240190aeb8808', '2025-06-19 16:46:45', 'disponible'),
                                                                                                         (424, NULL, 81, 60, 'TICKET_5fdc7d6c4e3f29c1', '2025-06-19 16:46:45', 'disponible'),
                                                                                                         (425, NULL, 81, 60, 'TICKET_753627a07d9ff6ff', '2025-06-19 16:46:45', 'disponible'),
                                                                                                         (426, NULL, 82, 61, 'TICKET_10ca76c4ae43af60', '2025-06-19 16:47:00', 'disponible'),
                                                                                                         (427, NULL, 82, 61, 'TICKET_d644083a3df017c5', '2025-06-19 16:47:00', 'disponible'),
                                                                                                         (428, NULL, 82, 61, 'TICKET_1acd64adcd8f0df6', '2025-06-19 16:47:00', 'disponible'),
                                                                                                         (429, NULL, 82, 61, 'TICKET_8052514c8ca211ac', '2025-06-19 16:47:00', 'disponible'),
                                                                                                         (430, NULL, 82, 61, 'TICKET_fb9bd7888d566efe', '2025-06-19 16:47:00', 'disponible'),
                                                                                                         (431, NULL, 82, 61, 'TICKET_fb1056521ce607b4', '2025-06-19 16:47:00', 'disponible'),
                                                                                                         (432, NULL, 82, 61, 'TICKET_fdc6e5142fd2d14c', '2025-06-19 16:47:00', 'disponible'),
                                                                                                         (433, NULL, 82, 61, 'TICKET_b7bd4052c91cd341', '2025-06-19 16:47:00', 'disponible'),
                                                                                                         (434, NULL, 82, 61, 'TICKET_ed2d685daf81d599', '2025-06-19 16:47:00', 'disponible'),
                                                                                                         (435, NULL, 82, 61, 'TICKET_284f65ab1ae0045a', '2025-06-19 16:47:00', 'disponible'),
                                                                                                         (436, NULL, 83, 62, 'TICKET_5d4b281b4d838d40', '2025-06-19 16:47:15', 'disponible'),
                                                                                                         (437, NULL, 83, 62, 'TICKET_c19071fd0a710aeb', '2025-06-19 16:47:15', 'disponible'),
                                                                                                         (438, NULL, 83, 62, 'TICKET_89b2a18b3ffde9b1', '2025-06-19 16:47:15', 'disponible'),
                                                                                                         (439, NULL, 83, 62, 'TICKET_99bd8a0530ba6097', '2025-06-19 16:47:15', 'disponible'),
                                                                                                         (440, NULL, 83, 62, 'TICKET_f6a900d7ecda7084', '2025-06-19 16:47:15', 'disponible'),
                                                                                                         (441, NULL, 83, 62, 'TICKET_beca7647309c27fc', '2025-06-19 16:47:15', 'disponible'),
                                                                                                         (442, NULL, 83, 62, 'TICKET_b404a04c76971f99', '2025-06-19 16:47:15', 'disponible'),
                                                                                                         (443, NULL, 83, 62, 'TICKET_5d6a07d5632890d8', '2025-06-19 16:47:15', 'disponible'),
                                                                                                         (444, NULL, 83, 62, 'TICKET_7a22dc7f914a13fd', '2025-06-19 16:47:15', 'disponible'),
                                                                                                         (445, NULL, 83, 62, 'TICKET_fa4a313cebb51a4b', '2025-06-19 16:47:15', 'disponible'),
                                                                                                         (446, NULL, 84, 63, 'TICKET_b2576464354bd5b7', '2025-06-19 16:47:33', 'disponible'),
                                                                                                         (447, NULL, 84, 63, 'TICKET_45d72492a9c6c1b1', '2025-06-19 16:47:33', 'disponible'),
                                                                                                         (448, NULL, 84, 63, 'TICKET_d398d433b8c69d99', '2025-06-19 16:47:33', 'disponible'),
                                                                                                         (449, NULL, 84, 63, 'TICKET_e4d3915c2b185500', '2025-06-19 16:47:33', 'disponible'),
                                                                                                         (450, NULL, 84, 63, 'TICKET_6bddf9c34f5b4129', '2025-06-19 16:47:33', 'disponible'),
                                                                                                         (451, NULL, 84, 63, 'TICKET_ac50573fb92a8e30', '2025-06-19 16:47:33', 'disponible'),
                                                                                                         (452, NULL, 84, 63, 'TICKET_88fea24655108d6f', '2025-06-19 16:47:33', 'disponible'),
                                                                                                         (453, NULL, 84, 63, 'TICKET_cfc6a0ccf90cbb6e', '2025-06-19 16:47:33', 'disponible'),
                                                                                                         (454, NULL, 84, 63, 'TICKET_f69099f31770a2c3', '2025-06-19 16:47:33', 'disponible'),
                                                                                                         (455, NULL, 84, 63, 'TICKET_5c3d65a8e4322314', '2025-06-19 16:47:33', 'disponible'),
                                                                                                         (456, NULL, 85, 64, 'TICKET_3dd9168ec7957dd7', '2025-06-19 16:47:58', 'disponible'),
                                                                                                         (457, NULL, 85, 64, 'TICKET_4fcbd24053bc0c0a', '2025-06-19 16:47:58', 'disponible'),
                                                                                                         (458, NULL, 85, 64, 'TICKET_8ad5fb9aa2a97f21', '2025-06-19 16:47:58', 'disponible'),
                                                                                                         (459, NULL, 85, 64, 'TICKET_9419fd0d9eed90b7', '2025-06-19 16:47:58', 'disponible'),
                                                                                                         (460, NULL, 85, 64, 'TICKET_b574e6af205dd0ca', '2025-06-19 16:47:58', 'disponible'),
                                                                                                         (461, NULL, 85, 64, 'TICKET_6af3085a839a70a5', '2025-06-19 16:47:58', 'disponible'),
                                                                                                         (462, NULL, 85, 64, 'TICKET_b0a6475d554371de', '2025-06-19 16:47:58', 'disponible'),
                                                                                                         (463, NULL, 85, 64, 'TICKET_29251e1bfe017e81', '2025-06-19 16:47:58', 'disponible'),
                                                                                                         (464, NULL, 85, 64, 'TICKET_e481faf678a00cd5', '2025-06-19 16:47:58', 'disponible'),
                                                                                                         (465, NULL, 85, 64, 'TICKET_70eaea1ebea13d3f', '2025-06-19 16:47:58', 'disponible'),
                                                                                                         (466, NULL, 85, 64, 'TICKET_395067942b5c49ac', '2025-06-19 16:47:58', 'disponible'),
                                                                                                         (467, NULL, 85, 64, 'TICKET_a1e468dad11f088e', '2025-06-19 16:47:58', 'disponible'),
                                                                                                         (468, NULL, 85, 64, 'TICKET_2cf2f031a20de9c2', '2025-06-19 16:47:58', 'disponible'),
                                                                                                         (469, NULL, 85, 64, 'TICKET_d50f87a397ec08b8', '2025-06-19 16:47:58', 'disponible'),
                                                                                                         (470, NULL, 85, 64, 'TICKET_48bb509d9fce1f83', '2025-06-19 16:47:58', 'disponible');

-- --------------------------------------------------------

--
-- Structure de la table `ticket_type`
--

CREATE TABLE `ticket_type` (
                               `id` int(11) NOT NULL,
                               `event_id` int(11) NOT NULL,
                               `name` varchar(255) NOT NULL,
                               `price` double NOT NULL,
                               `description` longtext NOT NULL,
                               `stock` int(11) NOT NULL
) ENGINE=InnoDB DEFAULT CHARSET=utf8mb4 COLLATE=utf8mb4_unicode_ci;

--
-- Déchargement des données de la table `ticket_type`
--

INSERT INTO `ticket_type` (`id`, `event_id`, `name`, `price`, `description`, `stock`) VALUES
                                                                                          (47, 16, 'Standard', 20, 'Profite du Festival', 10),
                                                                                          (48, 17, 'Entrée standard', 20, 'Billet standard sans placement.', 10),
                                                                                          (49, 18, 'Place tribune', 35, 'Place assise en tribune avec une bonnes vue.', 10),
                                                                                          (50, 19, 'Entrée standard', 25, 'Place assise', 10),
                                                                                          (51, 20, 'Spectacle simple', 40, 'Place assise en catégorie normale.', 10),
                                                                                          (52, 21, 'Premium', 85, 'Accès premium, première rangée.', 10),
                                                                                          (53, 22, 'Tarif normal', 20, 'Place standard', 10),
                                                                                          (54, 23, 'Entrée standard', 25, 'Billet standard sans placement.', 10),
                                                                                          (55, 24, 'Billet standard', 50, 'Profite bien', 10),
                                                                                          (56, 25, 'Standard', 20, 'Profite bien', 10),
                                                                                          (57, 26, 'Standard', 40, 'Place assise en tribune avec une bonnes vue.', 10),
                                                                                          (58, 27, 'Standard', 35, 'Profite bien', 10),
                                                                                          (59, 28, 'Spectacle simple', 25, 'Profite bien', 10),
                                                                                          (60, 29, 'Spectacle simple', 20, 'Place assise en tribune avec une bonnes vue.', 10),
                                                                                          (61, 30, 'Standard', 15, 'Bonne lecture.', 10),
                                                                                          (62, 31, 'Standard', 20, 'Billet standard sans placement.', 10),
                                                                                          (63, 32, 'Entrée standard', 5, 'Bon sport', 10),
                                                                                          (64, 33, 'Spectacle simple', 35, 'Billet standard sans placement.', 10),
                                                                                          (65, 44, 'Spectacle simple', 350, 'Billet standard sans placement.', 10),
                                                                                          (66, 45, 'Spectacle simple', 35, 'Place assise en tribune avec une bonnes vue.', 10),
                                                                                          (67, 46, 'Entrée standard', 25, 'Profite bien', 10),
                                                                                          (68, 47, 'Entrée standard', 35, 'Profite bien', 10),
                                                                                          (69, 48, 'Standard', 20, 'Profite bien', 10),
                                                                                          (70, 49, 'Spectacle simple', 45, 'Place assise en tribune avec une bonnes vue.', 10),
                                                                                          (71, 50, 'Spectacle simple', 25, 'Place assise en tribune avec une bonnes vue.', 10),
                                                                                          (72, 51, 'Entrée standard', 25, 'Profite bien', 10),
                                                                                          (73, 52, 'Premium', 299, 'J\'espère que le vin est bon pour ce prix là.', 10),
(74, 53, 'Entrée standard', 35, 'Billet standard sans placement.', 10),
(75, 54, 'Standard', 85, 'Place assise en tribune avec une bonnes vue.', 10),
(76, 55, 'Entrée standard', 85, 'Place assise en tribune avec une bonnes vue.', 10),
(77, 56, 'Entrée standard', 20, 'Place assise en tribune avec une bonnes vue.', 10),
(78, 57, 'Entrée standard', 20, 'Place assise en tribune avec une bonnes vue.', 10),
(79, 58, 'Spectacle simple', 35, 'Place assise en tribune avec une bonnes vue.', 10),
(80, 59, 'Spectacle simple', 25, 'Profite bien', 10),
(81, 60, 'Spectacle simple', 40, 'Place assise en tribune avec une bonnes vue.', 10),
(82, 61, 'Spectacle simple', 20, 'Billet standard sans placement.', 10),
(83, 62, 'Entrée standard', 20, 'Profite bien', 10),
(84, 63, 'Standard', 20, 'Place assise en tribune avec une bonnes vue.', 10),
(85, 64, 'VIP', 85, 'Billet VIP pour vivre des émotions forte', 15);

-- --------------------------------------------------------

--
-- Structure de la table `user`
--

CREATE TABLE `user` (
  `id` int(11) NOT NULL,
  `email` varchar(180) NOT NULL,
  `roles` longtext CHARACTER SET utf8mb4 COLLATE utf8mb4_bin NOT NULL COMMENT '(DC2Type:json)' CHECK (json_valid(`roles`)),
  `password` varchar(255) NOT NULL,
  `is_verified` tinyint(1) NOT NULL
) ENGINE=InnoDB DEFAULT CHARSET=utf8mb4 COLLATE=utf8mb4_unicode_ci;

--
-- Déchargement des données de la table `user`
--

INSERT INTO `user` (`id`, `email`, `roles`, `password`, `is_verified`) VALUES
(1, 'dunisnoah@gmail.com', '[\"ROLE_SUPER_ADMIN\", \"ROLE_ADMIN\", \"ROLE_EDITOR\", \"ROLE_USER\"]', '$2y$13$Kqn7RiUcm541Kvk3mcCdBONiSEIGhPcjGJTtX.R6ept2iJzPb2BIK', 1),
(3, 'TomCruise@gmail.com', '[]', '$2y$13$B6hAYmY4rjc3nSs7PCTKZO/Q6Qnzoi6g5CIWQq41.VsB7IfXqre3a', 1),
                                                                                           (4, 'monocco@gmail.com', '[]', '$2y$13$4upTZgeGzfpkrK/Cgz7o4OumuFp5XwvmBqmLpBY93q8SAm4iXWSHi', 0),
                                                                                           (5, 'noahdunis@gmail.com', '[]', '$2y$13$.ylgtKn1Npj4kLR74K/5feu0WYmDcporT7YHYpv/8jUDOU2Gte2BG', 0),
                                                                                           (6, 'pourquoi@gmail.com', '[]', '$2y$13$yvnnO30djuBPiugLLerRsen.Kf8YR7PnmAj89I1DBX0C9W3XCvMkq', 0),
                                                                                           (7, 'AnaDeArmas@gmail.com', '[\"ROLE_ADMIN\"]', '$2y$13$ilER97I5Ku0Eabec29qL8uZjGbI8OBs58WHKPyM3sTCOJyVyV7CpW', 1);

--
-- Index pour les tables déchargées
--

--
-- Index pour la table `category`
--
ALTER TABLE `category`
    ADD PRIMARY KEY (`id`);

--
-- Index pour la table `doctrine_migration_versions`
--
ALTER TABLE `doctrine_migration_versions`
    ADD PRIMARY KEY (`version`);

--
-- Index pour la table `event`
--
ALTER TABLE `event`
    ADD PRIMARY KEY (`id`),
  ADD UNIQUE KEY `UNIQ_3BAE0AA7989D9B62` (`slug`),
  ADD KEY `IDX_3BAE0AA712469DE2` (`category_id`);

--
-- Index pour la table `messenger_messages`
--
ALTER TABLE `messenger_messages`
    ADD PRIMARY KEY (`id`),
  ADD KEY `IDX_75EA56E0FB7336F0` (`queue_name`),
  ADD KEY `IDX_75EA56E0E3BD61CE` (`available_at`),
  ADD KEY `IDX_75EA56E016BA31DB` (`delivered_at`);

--
-- Index pour la table `reset_password_request`
--
ALTER TABLE `reset_password_request`
    ADD PRIMARY KEY (`id`),
  ADD KEY `IDX_7CE748AA76ED395` (`user_id`);

--
-- Index pour la table `ticket`
--
ALTER TABLE `ticket`
    ADD PRIMARY KEY (`id`),
  ADD KEY `IDX_97A0ADA3A76ED395` (`user_id`),
  ADD KEY `IDX_97A0ADA3C980D5C1` (`ticket_type_id`),
  ADD KEY `IDX_97A0ADA371F7E88B` (`event_id`);

--
-- Index pour la table `ticket_type`
--
ALTER TABLE `ticket_type`
    ADD PRIMARY KEY (`id`),
  ADD KEY `IDX_BE05421171F7E88B` (`event_id`);

--
-- Index pour la table `user`
--
ALTER TABLE `user`
    ADD PRIMARY KEY (`id`),
  ADD UNIQUE KEY `UNIQ_IDENTIFIER_EMAIL` (`email`);

--
-- AUTO_INCREMENT pour les tables déchargées
--

--
-- AUTO_INCREMENT pour la table `category`
--
ALTER TABLE `category`
    MODIFY `id` int(11) NOT NULL AUTO_INCREMENT, AUTO_INCREMENT=20;

--
-- AUTO_INCREMENT pour la table `event`
--
ALTER TABLE `event`
    MODIFY `id` int(11) NOT NULL AUTO_INCREMENT, AUTO_INCREMENT=65;

--
-- AUTO_INCREMENT pour la table `messenger_messages`
--
ALTER TABLE `messenger_messages`
    MODIFY `id` bigint(20) NOT NULL AUTO_INCREMENT, AUTO_INCREMENT=26;

--
-- AUTO_INCREMENT pour la table `reset_password_request`
--
ALTER TABLE `reset_password_request`
    MODIFY `id` int(11) NOT NULL AUTO_INCREMENT, AUTO_INCREMENT=3;

--
-- AUTO_INCREMENT pour la table `ticket`
--
ALTER TABLE `ticket`
    MODIFY `id` int(11) NOT NULL AUTO_INCREMENT, AUTO_INCREMENT=471;

--
-- AUTO_INCREMENT pour la table `ticket_type`
--
ALTER TABLE `ticket_type`
    MODIFY `id` int(11) NOT NULL AUTO_INCREMENT, AUTO_INCREMENT=86;

--
-- AUTO_INCREMENT pour la table `user`
--
ALTER TABLE `user`
    MODIFY `id` int(11) NOT NULL AUTO_INCREMENT, AUTO_INCREMENT=8;

--
-- Contraintes pour les tables déchargées
--

--
-- Contraintes pour la table `event`
--
ALTER TABLE `event`
    ADD CONSTRAINT `FK_3BAE0AA712469DE2` FOREIGN KEY (`category_id`) REFERENCES `category` (`id`);

--
-- Contraintes pour la table `reset_password_request`
--
ALTER TABLE `reset_password_request`
    ADD CONSTRAINT `FK_7CE748AA76ED395` FOREIGN KEY (`user_id`) REFERENCES `user` (`id`);

--
-- Contraintes pour la table `ticket`
--
ALTER TABLE `ticket`
    ADD CONSTRAINT `FK_97A0ADA371F7E88B` FOREIGN KEY (`event_id`) REFERENCES `event` (`id`),
  ADD CONSTRAINT `FK_97A0ADA3A76ED395` FOREIGN KEY (`user_id`) REFERENCES `user` (`id`),
  ADD CONSTRAINT `FK_97A0ADA3C980D5C1` FOREIGN KEY (`ticket_type_id`) REFERENCES `ticket_type` (`id`);

--
-- Contraintes pour la table `ticket_type`
--
ALTER TABLE `ticket_type`
    ADD CONSTRAINT `FK_BE05421171F7E88B` FOREIGN KEY (`event_id`) REFERENCES `event` (`id`);
COMMIT;

/*!40101 SET CHARACTER_SET_CLIENT=@OLD_CHARACTER_SET_CLIENT */;
/*!40101 SET CHARACTER_SET_RESULTS=@OLD_CHARACTER_SET_RESULTS */;
/*!40101 SET COLLATION_CONNECTION=@OLD_COLLATION_CONNECTION */;
